"d_essential_rank_tert","CLIENT_DEATH_DATE","total_new_death","total_cum_death","Population","total_new_death100k","total_cum_deathper100k","rolling_newdeah_100k"
1,2020-03-11,0,0,901839,0,0,NA
1,2020-03-12,0,0,901839,0,0,NA
1,2020-03-13,0,0,901839,0,0,NA
1,2020-03-14,0,0,901839,0,0,0
1,2020-03-15,0,0,901839,0,0,0
1,2020-03-16,0,0,901839,0,0,0
1,2020-03-17,0,0,901839,0,0,0
1,2020-03-18,0,0,901839,0,0,0
1,2020-03-19,0,0,901839,0,0,0
1,2020-03-20,0,0,901839,0,0,0
1,2020-03-21,0,0,901839,0,0,0
1,2020-03-22,0,0,901839,0,0,0
1,2020-03-23,0,0,901839,0,0,0
1,2020-03-24,0,0,901839,0,0,0
1,2020-03-25,0,0,901839,0,0,0
1,2020-03-26,0,0,901839,0,0,0
1,2020-03-27,0,0,901839,0,0,0.0158406481486322
1,2020-03-28,0,0,901839,0,0,0.0158406481486322
1,2020-03-29,0,0,901839,0,0,0.0158406481486322
1,2020-03-30,1,1,901839,0.110884537040425,0.110884537040425,0.095043888891793
1,2020-03-31,0,1,901839,0,0.110884537040425,0.110884537040425
1,2020-04-01,0,1,901839,0,0.110884537040425,0.126725185189057
1,2020-04-02,5,6,901839,0.554422685202126,0.665307222242551,0.158406481486322
1,2020-04-03,1,7,901839,0.110884537040425,0.776191759282976,0.174247129634954
1,2020-04-04,1,8,901839,0.110884537040425,0.887076296323401,0.205928425932218
1,2020-04-05,2,10,901839,0.22176907408085,1.10884537040425,0.269291018526747
1,2020-04-06,2,12,901839,0.22176907408085,1.3306144444851,0.22176907408085
1,2020-04-07,2,14,901839,0.22176907408085,1.55238351856595,0.22176907408085
1,2020-04-08,4,18,901839,0.443538148161701,1.99592166672765,0.300972314824011
1,2020-04-09,2,20,901839,0.22176907408085,2.2176907408085,0.316812962972643
1,2020-04-10,1,21,901839,0.110884537040425,2.32857527784893,0.348494259269908
1,2020-04-11,6,27,901839,0.665307222242551,2.99388250009148,0.380175555567172
1,2020-04-12,3,30,901839,0.332653611121276,3.32653611121276,0.380175555567172
1,2020-04-13,4,34,901839,0.443538148161701,3.77007425937446,0.427697500013068
1,2020-04-14,4,38,901839,0.443538148161701,4.21361240753616,0.459378796310333
1,2020-04-15,4,42,901839,0.443538148161701,4.65715055569786,0.427697500013068
1,2020-04-16,5,47,901839,0.554422685202126,5.21157324089998,0.538582037053494
1,2020-04-17,3,50,901839,0.332653611121276,5.54422685202126,0.538582037053494
1,2020-04-18,4,54,901839,0.443538148161701,5.98776500018296,0.554422685202126
1,2020-04-19,10,64,901839,1.10884537040425,7.09661037058721,0.58610398149939
1,2020-04-20,4,68,901839,0.443538148161701,7.54014851874891,0.633625925945287
1,2020-04-21,5,73,901839,0.554422685202126,8.09457120395104,0.649466574093919
1,2020-04-22,6,79,901839,0.665307222242551,8.75987842619359,0.681147870391183
1,2020-04-23,8,87,901839,0.887076296323401,9.64695472251699,0.649466574093919
1,2020-04-24,4,91,901839,0.443538148161701,10.0904928706787,0.665307222242551
1,2020-04-25,6,97,901839,0.665307222242551,10.7558000929212,0.601944629648022
1,2020-04-26,8,105,901839,0.887076296323401,11.6428763892446,0.538582037053494
1,2020-04-27,5,110,901839,0.554422685202126,12.1972990744468,0.411856851864436
1,2020-04-28,1,111,901839,0.110884537040425,12.3081836114872,0.411856851864436
1,2020-04-29,2,113,901839,0.22176907408085,12.529952685568,0.411856851864436
1,2020-04-30,0,113,901839,0,12.529952685568,0.348494259269908
1,2020-05-01,4,117,901839,0.443538148161701,12.9734908337297,0.348494259269908
1,2020-05-02,6,123,901839,0.665307222242551,13.6387980559723,0.348494259269908
1,2020-05-03,4,127,901839,0.443538148161701,14.082336204134,0.348494259269908
1,2020-05-04,5,132,901839,0.554422685202126,14.6367588893361,0.380175555567172
1,2020-05-05,1,133,901839,0.110884537040425,14.7476434263765,0.348494259269908
1,2020-05-06,2,135,901839,0.22176907408085,14.9694125004574,0.253450370378115
1,2020-05-07,2,137,901839,0.22176907408085,15.1911815745383,0.237609722229483
1,2020-05-08,2,139,901839,0.22176907408085,15.4129506486191,0.269291018526747
1,2020-05-09,0,139,901839,0,15.4129506486191,0.269291018526747
1,2020-05-10,3,142,901839,0.332653611121276,15.7456042597404,0.269291018526747
1,2020-05-11,7,149,901839,0.776191759282976,16.5217960190234,0.253450370378115
1,2020-05-12,1,150,901839,0.110884537040425,16.6326805560638,0.300972314824011
1,2020-05-13,2,152,901839,0.22176907408085,16.8544496301446,0.316812962972643
1,2020-05-14,1,153,901839,0.110884537040425,16.9653341671851,0.300972314824011
1,2020-05-15,5,158,901839,0.554422685202126,17.5197568523872,0.22176907408085
1,2020-05-16,1,159,901839,0.110884537040425,17.6306413894276,0.316812962972643
1,2020-05-17,2,161,901839,0.22176907408085,17.8524104635085,0.300972314824011
1,2020-05-18,2,163,901839,0.22176907408085,18.0741795375893,0.285131666675379
1,2020-05-19,7,170,901839,0.776191759282976,18.8503712968723,0.22176907408085
1,2020-05-20,1,171,901839,0.110884537040425,18.9612558339127,0.253450370378115
1,2020-05-21,0,171,901839,0,18.9612558339127,0.269291018526747
1,2020-05-22,1,172,901839,0.110884537040425,19.0721403709531,0.316812962972643
1,2020-05-23,3,175,901839,0.332653611121276,19.4047939820744,0.269291018526747
1,2020-05-24,3,178,901839,0.332653611121276,19.7374475931957,0.332653611121276
1,2020-05-25,5,183,901839,0.554422685202126,20.2918702783978,0.380175555567172
1,2020-05-26,4,187,901839,0.443538148161701,20.7354084265595,0.427697500013068
1,2020-05-27,5,192,901839,0.554422685202126,21.2898311117616,0.396016203715804
1,2020-05-28,3,195,901839,0.332653611121276,21.6224847228829,0.36433490741854
1,2020-05-29,4,199,901839,0.443538148161701,22.0660228710446,0.316812962972643
1,2020-05-30,1,200,901839,0.110884537040425,22.176907408085,0.269291018526747
1,2020-05-31,1,201,901839,0.110884537040425,22.2877919451255,0.205928425932218
1,2020-06-01,2,203,901839,0.22176907408085,22.5095610192063,0.190087777783586
1,2020-06-02,1,204,901839,0.110884537040425,22.6204455562467,0.174247129634954
1,2020-06-03,1,205,901839,0.110884537040425,22.7313300932872,0.158406481486322
1,2020-06-04,2,207,901839,0.22176907408085,22.953099167368,0.14256583333769
1,2020-06-05,3,210,901839,0.332653611121276,23.2857527784893,0.126725185189057
1,2020-06-06,0,210,901839,0,23.2857527784893,0.14256583333769
1,2020-06-07,0,210,901839,0,23.2857527784893,0.158406481486322
1,2020-06-08,1,211,901839,0.110884537040425,23.3966373155297,0.14256583333769
1,2020-06-09,2,213,901839,0.22176907408085,23.6184063896106,0.110884537040425
1,2020-06-10,2,215,901839,0.22176907408085,23.8401754636914,0.14256583333769
1,2020-06-11,1,216,901839,0.110884537040425,23.9510600007318,0.158406481486322
1,2020-06-12,1,217,901839,0.110884537040425,24.0619445377723,0.158406481486322
1,2020-06-13,2,219,901839,0.22176907408085,24.2837136118531,0.14256583333769
1,2020-06-14,1,220,901839,0.110884537040425,24.3945981488935,0.110884537040425
1,2020-06-15,1,221,901839,0.110884537040425,24.505482685934,0.095043888891793
1,2020-06-16,1,222,901839,0.110884537040425,24.6163672229744,0.0792032407431608
1,2020-06-17,0,222,901839,0,24.6163672229744,0.0792032407431608
1,2020-06-18,0,222,901839,0,24.6163672229744,0.0792032407431608
1,2020-06-19,0,222,901839,0,24.6163672229744,0.0792032407431608
1,2020-06-20,2,224,901839,0.22176907408085,24.8381362970552,0.095043888891793
1,2020-06-21,1,225,901839,0.110884537040425,24.9490208340957,0.110884537040425
1,2020-06-22,1,226,901839,0.110884537040425,25.0599053711361,0.158406481486322
1,2020-06-23,2,228,901839,0.22176907408085,25.2816744452169,0.190087777783586
1,2020-06-24,1,229,901839,0.110884537040425,25.3925589822574,0.174247129634954
1,2020-06-25,3,232,901839,0.332653611121276,25.7252125933786,0.174247129634954
1,2020-06-26,2,234,901839,0.22176907408085,25.9469816674595,0.190087777783586
1,2020-06-27,1,235,901839,0.110884537040425,26.0578662044999,0.174247129634954
1,2020-06-28,1,236,901839,0.110884537040425,26.1687507415403,0.158406481486322
1,2020-06-29,2,238,901839,0.22176907408085,26.3905198156212,0.110884537040425
1,2020-06-30,1,239,901839,0.110884537040425,26.5014043526616,0.0792032407431608
1,2020-07-01,0,239,901839,0,26.5014043526616,0.0633625925945287
1,2020-07-02,0,239,901839,0,26.5014043526616,0.0475219444458965
1,2020-07-03,0,239,901839,0,26.5014043526616,0.0792032407431608
1,2020-07-04,0,239,901839,0,26.5014043526616,0.0633625925945287
1,2020-07-05,0,239,901839,0,26.5014043526616,0.0633625925945287
1,2020-07-06,4,243,901839,0.443538148161701,26.9449425008233,0.0792032407431608
1,2020-07-07,0,243,901839,0,26.9449425008233,0.0792032407431608
1,2020-07-08,0,243,901839,0,26.9449425008233,0.0792032407431608
1,2020-07-09,1,244,901839,0.110884537040425,27.0558270378637,0.0792032407431608
1,2020-07-10,0,244,901839,0,27.0558270378637,0.0316812962972643
1,2020-07-11,0,244,901839,0,27.0558270378637,0.0316812962972643
1,2020-07-12,0,244,901839,0,27.0558270378637,0.0316812962972643
1,2020-07-13,1,245,901839,0.110884537040425,27.1667115749042,0.0316812962972643
1,2020-07-14,0,245,901839,0,27.1667115749042,0.0316812962972643
1,2020-07-15,0,245,901839,0,27.1667115749042,0.0316812962972643
1,2020-07-16,1,246,901839,0.110884537040425,27.2775961119446,0.0316812962972643
1,2020-07-17,0,246,901839,0,27.2775961119446,0.0158406481486322
1,2020-07-18,0,246,901839,0,27.2775961119446,0.0158406481486322
1,2020-07-19,0,246,901839,0,27.2775961119446,0.0316812962972643
1,2020-07-20,0,246,901839,0,27.2775961119446,0.0158406481486322
1,2020-07-21,0,246,901839,0,27.2775961119446,0.0316812962972643
1,2020-07-22,1,247,901839,0.110884537040425,27.388480648985,0.0475219444458965
1,2020-07-23,0,247,901839,0,27.388480648985,0.0475219444458965
1,2020-07-24,1,248,901839,0.110884537040425,27.4993651860254,0.0475219444458965
1,2020-07-25,1,249,901839,0.110884537040425,27.6102497230659,0.0475219444458965
1,2020-07-26,0,249,901839,0,27.6102497230659,0.0316812962972643
1,2020-07-27,0,249,901839,0,27.6102497230659,0.0316812962972643
1,2020-07-28,0,249,901839,0,27.6102497230659,0.0158406481486322
1,2020-07-29,0,249,901839,0,27.6102497230659,7.93016446160826e-18
1,2020-07-30,0,249,901839,0,27.6102497230659,7.93016446160826e-18
1,2020-07-31,0,249,901839,0,27.6102497230659,7.93016446160826e-18
1,2020-08-01,0,249,901839,0,27.6102497230659,7.93016446160826e-18
1,2020-08-02,0,249,901839,0,27.6102497230659,7.93016446160826e-18
1,2020-08-03,0,249,901839,0,27.6102497230659,7.93016446160826e-18
1,2020-08-04,0,249,901839,0,27.6102497230659,7.93016446160826e-18
1,2020-08-05,0,249,901839,0,27.6102497230659,7.93016446160826e-18
1,2020-08-06,0,249,901839,0,27.6102497230659,7.93016446160826e-18
1,2020-08-07,0,249,901839,0,27.6102497230659,7.93016446160826e-18
1,2020-08-08,0,249,901839,0,27.6102497230659,7.93016446160826e-18
1,2020-08-09,0,249,901839,0,27.6102497230659,7.93016446160826e-18
1,2020-08-10,0,249,901839,0,27.6102497230659,7.93016446160826e-18
1,2020-08-11,0,249,901839,0,27.6102497230659,7.93016446160826e-18
1,2020-08-12,0,249,901839,0,27.6102497230659,7.93016446160826e-18
1,2020-08-13,0,249,901839,0,27.6102497230659,7.93016446160826e-18
1,2020-08-14,0,249,901839,0,27.6102497230659,7.93016446160826e-18
1,2020-08-15,0,249,901839,0,27.6102497230659,7.93016446160826e-18
1,2020-08-16,0,249,901839,0,27.6102497230659,7.93016446160826e-18
1,2020-08-17,0,249,901839,0,27.6102497230659,7.93016446160826e-18
1,2020-08-18,0,249,901839,0,27.6102497230659,7.93016446160826e-18
1,2020-08-19,0,249,901839,0,27.6102497230659,7.93016446160826e-18
1,2020-08-20,0,249,901839,0,27.6102497230659,7.93016446160826e-18
1,2020-08-21,0,249,901839,0,27.6102497230659,0.0158406481486322
1,2020-08-22,0,249,901839,0,27.6102497230659,0.0158406481486322
1,2020-08-23,0,249,901839,0,27.6102497230659,0.0158406481486322
1,2020-08-24,1,250,901839,0.110884537040425,27.7211342601063,0.0158406481486322
1,2020-08-25,0,250,901839,0,27.7211342601063,0.0158406481486322
1,2020-08-26,0,250,901839,0,27.7211342601063,0.0158406481486322
1,2020-08-27,0,250,901839,0,27.7211342601063,0.0158406481486322
1,2020-08-28,0,250,901839,0,27.7211342601063,7.93016446160826e-18
1,2020-08-29,0,250,901839,0,27.7211342601063,7.93016446160826e-18
1,2020-08-30,0,250,901839,0,27.7211342601063,7.93016446160826e-18
1,2020-08-31,0,250,901839,0,27.7211342601063,7.93016446160826e-18
1,2020-09-01,0,250,901839,0,27.7211342601063,7.93016446160826e-18
1,2020-09-02,0,250,901839,0,27.7211342601063,7.93016446160826e-18
1,2020-09-03,0,250,901839,0,27.7211342601063,7.93016446160826e-18
1,2020-09-04,0,250,901839,0,27.7211342601063,7.93016446160826e-18
1,2020-09-05,0,250,901839,0,27.7211342601063,7.93016446160826e-18
1,2020-09-06,0,250,901839,0,27.7211342601063,7.93016446160826e-18
1,2020-09-07,0,250,901839,0,27.7211342601063,7.93016446160826e-18
1,2020-09-08,0,250,901839,0,27.7211342601063,7.93016446160826e-18
1,2020-09-09,0,250,901839,0,27.7211342601063,7.93016446160826e-18
1,2020-09-10,0,250,901839,0,27.7211342601063,7.93016446160826e-18
1,2020-09-11,0,250,901839,0,27.7211342601063,7.93016446160826e-18
1,2020-09-12,0,250,901839,0,27.7211342601063,7.93016446160826e-18
1,2020-09-13,0,250,901839,0,27.7211342601063,7.93016446160826e-18
1,2020-09-14,0,250,901839,0,27.7211342601063,7.93016446160826e-18
1,2020-09-15,0,250,901839,0,27.7211342601063,7.93016446160826e-18
1,2020-09-16,0,250,901839,0,27.7211342601063,7.93016446160826e-18
1,2020-09-17,0,250,901839,0,27.7211342601063,7.93016446160826e-18
1,2020-09-18,0,250,901839,0,27.7211342601063,7.93016446160826e-18
1,2020-09-19,0,250,901839,0,27.7211342601063,7.93016446160826e-18
1,2020-09-20,0,250,901839,0,27.7211342601063,7.93016446160826e-18
1,2020-09-21,0,250,901839,0,27.7211342601063,7.93016446160826e-18
1,2020-09-22,0,250,901839,0,27.7211342601063,7.93016446160826e-18
1,2020-09-23,0,250,901839,0,27.7211342601063,7.93016446160826e-18
1,2020-09-24,0,250,901839,0,27.7211342601063,7.93016446160826e-18
1,2020-09-25,0,250,901839,0,27.7211342601063,7.93016446160826e-18
1,2020-09-26,0,250,901839,0,27.7211342601063,7.93016446160826e-18
1,2020-09-27,0,250,901839,0,27.7211342601063,0.0158406481486322
1,2020-09-28,0,250,901839,0,27.7211342601063,0.0158406481486322
1,2020-09-29,0,250,901839,0,27.7211342601063,0.0158406481486322
1,2020-09-30,1,251,901839,0.110884537040425,27.8320187971467,0.0316812962972643
1,2020-10-01,0,251,901839,0,27.8320187971467,0.0316812962972643
1,2020-10-02,0,251,901839,0,27.8320187971467,0.0316812962972643
1,2020-10-03,1,252,901839,0.110884537040425,27.9429033341871,0.0316812962972643
1,2020-10-04,0,252,901839,0,27.9429033341871,0.0158406481486322
1,2020-10-05,0,252,901839,0,27.9429033341871,0.0633625925945287
1,2020-10-06,0,252,901839,0,27.9429033341871,0.095043888891793
1,2020-10-07,0,252,901839,0,27.9429033341871,0.095043888891793
1,2020-10-08,3,255,901839,0.332653611121276,28.2755569453084,0.095043888891793
1,2020-10-09,2,257,901839,0.22176907408085,28.4973260193893,0.110884537040425
1,2020-10-10,1,258,901839,0.110884537040425,28.6082105564297,0.126725185189057
1,2020-10-11,0,258,901839,0,28.6082105564297,0.126725185189057
1,2020-10-12,1,259,901839,0.110884537040425,28.7190950934701,0.0792032407431608
1,2020-10-13,1,260,901839,0.110884537040425,28.8299796305105,0.0475219444458965
1,2020-10-14,0,260,901839,0,28.8299796305105,0.0475219444458965
1,2020-10-15,0,260,901839,0,28.8299796305105,0.0633625925945287
1,2020-10-16,0,260,901839,0,28.8299796305105,0.0792032407431608
1,2020-10-17,1,261,901839,0.110884537040425,28.940864167551,0.0633625925945287
1,2020-10-18,1,262,901839,0.110884537040425,29.0517487045914,0.0792032407431608
1,2020-10-19,2,264,901839,0.22176907408085,29.2735177786723,0.0792032407431608
1,2020-10-20,0,264,901839,0,29.2735177786723,0.110884537040425
1,2020-10-21,1,265,901839,0.110884537040425,29.3844023157127,0.110884537040425
1,2020-10-22,0,265,901839,0,29.3844023157127,0.095043888891793
1,2020-10-23,2,267,901839,0.22176907408085,29.6061713897935,0.0633625925945287
1,2020-10-24,1,268,901839,0.110884537040425,29.7170559268339,0.0633625925945287
1,2020-10-25,0,268,901839,0,29.7170559268339,0.0792032407431608
1,2020-10-26,0,268,901839,0,29.7170559268339,0.095043888891793
1,2020-10-27,0,268,901839,0,29.7170559268339,0.095043888891793
1,2020-10-28,2,270,901839,0.22176907408085,29.9388250009148,0.110884537040425
1,2020-10-29,1,271,901839,0.110884537040425,30.0497095379552,0.126725185189057
1,2020-10-30,2,273,901839,0.22176907408085,30.2714786120361,0.158406481486322
1,2020-10-31,2,275,901839,0.22176907408085,30.4932476861169,0.158406481486322
1,2020-11-01,1,276,901839,0.110884537040425,30.6041322231573,0.126725185189057
1,2020-11-02,2,278,901839,0.22176907408085,30.8259012972382,0.126725185189057
1,2020-11-03,0,278,901839,0,30.8259012972382,0.095043888891793
1,2020-11-04,0,278,901839,0,30.8259012972382,0.0633625925945287
1,2020-11-05,1,279,901839,0.110884537040425,30.9367858342786,0.0633625925945287
1,2020-11-06,0,279,901839,0,30.9367858342786,0.0316812962972643
1,2020-11-07,0,279,901839,0,30.9367858342786,0.0316812962972643
1,2020-11-08,1,280,901839,0.110884537040425,31.0476703713191,0.0316812962972643
1,2020-11-09,0,280,901839,0,31.0476703713191,0.0158406481486322
1,2020-11-10,0,280,901839,0,31.0476703713191,0.0316812962972643
1,2020-11-11,0,280,901839,0,31.0476703713191,0.0475219444458965
1,2020-11-12,0,280,901839,0,31.0476703713191,0.0316812962972643
1,2020-11-13,1,281,901839,0.110884537040425,31.1585549083595,0.0316812962972643
1,2020-11-14,1,282,901839,0.110884537040425,31.2694394453999,0.0316812962972643
1,2020-11-15,0,282,901839,0,31.2694394453999,0.0475219444458965
1,2020-11-16,0,282,901839,0,31.2694394453999,0.0792032407431608
1,2020-11-17,0,282,901839,0,31.2694394453999,0.0792032407431608
1,2020-11-18,1,283,901839,0.110884537040425,31.3803239824403,0.0633625925945287
1,2020-11-19,2,285,901839,0.22176907408085,31.6020930565212,0.0633625925945287
1,2020-11-20,1,286,901839,0.110884537040425,31.7129775935616,0.0792032407431608
1,2020-11-21,0,286,901839,0,31.7129775935616,0.0792032407431608
1,2020-11-22,0,286,901839,0,31.7129775935616,0.0633625925945287
1,2020-11-23,1,287,901839,0.110884537040425,31.823862130602,0.0475219444458965
1,2020-11-24,0,287,901839,0,31.823862130602,0.0316812962972643
1,2020-11-25,0,287,901839,0,31.823862130602,0.0316812962972643
1,2020-11-26,1,288,901839,0.110884537040425,31.9347466676425,0.0475219444458965
1,2020-11-27,0,288,901839,0,31.9347466676425,0.0316812962972643
1,2020-11-28,0,288,901839,0,31.9347466676425,0.0316812962972643
1,2020-11-29,1,289,901839,0.110884537040425,32.0456312046829,0.0633625925945287
1,2020-11-30,0,289,901839,0,32.0456312046829,0.095043888891793
1,2020-12-01,0,289,901839,0,32.0456312046829,0.126725185189057
1,2020-12-02,2,291,901839,0.22176907408085,32.2674002787637,0.158406481486322
1,2020-12-03,3,294,901839,0.332653611121276,32.600053889885,0.174247129634954
1,2020-12-04,2,296,901839,0.22176907408085,32.8218229639659,0.22176907408085
1,2020-12-05,2,298,901839,0.22176907408085,33.0435920380467,0.22176907408085
1,2020-12-06,2,300,901839,0.22176907408085,33.2653611121276,0.22176907408085
1,2020-12-07,3,303,901839,0.332653611121276,33.5980147232488,0.237609722229483
1,2020-12-08,0,303,901839,0,33.5980147232488,0.205928425932218
1,2020-12-09,2,305,901839,0.22176907408085,33.8197837973297,0.174247129634954
1,2020-12-10,4,309,901839,0.443538148161701,34.2633219454914,0.205928425932218
1,2020-12-11,0,309,901839,0,34.2633219454914,0.205928425932218
1,2020-12-12,0,309,901839,0,34.2633219454914,0.285131666675379
1,2020-12-13,4,313,901839,0.443538148161701,34.7068600936531,0.300972314824011
1,2020-12-14,3,316,901839,0.332653611121276,35.0395137047744,0.285131666675379
1,2020-12-15,5,321,901839,0.554422685202126,35.5939363899765,0.300972314824011
1,2020-12-16,3,324,901839,0.332653611121276,35.9265900010978,0.316812962972643
1,2020-12-17,3,327,901839,0.332653611121276,36.259243612219,0.253450370378115
1,2020-12-18,1,328,901839,0.110884537040425,36.3701281492595,0.22176907408085
1,2020-12-19,1,329,901839,0.110884537040425,36.4810126862999,0.190087777783586
1,2020-12-20,0,329,901839,0,36.4810126862999,0.190087777783586
1,2020-12-21,1,330,901839,0.110884537040425,36.5918972233403,0.174247129634954
1,2020-12-22,3,333,901839,0.332653611121276,36.9245508344616,0.190087777783586
1,2020-12-23,3,336,901839,0.332653611121276,37.2572044455829,0.237609722229483
1,2020-12-24,2,338,901839,0.22176907408085,37.4789735196637,0.285131666675379
1,2020-12-25,2,340,901839,0.22176907408085,37.7007425937446,0.285131666675379
1,2020-12-26,4,344,901839,0.443538148161701,38.1442807419063,0.253450370378115
1,2020-12-27,3,347,901839,0.332653611121276,38.4769343530275,0.269291018526747
1,2020-12-28,1,348,901839,0.110884537040425,38.587818890068,0.285131666675379
1,2020-12-29,1,349,901839,0.110884537040425,38.6987034271084,0.300972314824011
1,2020-12-30,4,353,901839,0.443538148161701,39.1422415752701,0.253450370378115
1,2020-12-31,3,356,901839,0.332653611121276,39.4748951863914,0.253450370378115
1,2021-01-01,3,359,901839,0.332653611121276,39.8075487975126,0.316812962972643
1,2021-01-02,1,360,901839,0.110884537040425,39.9184333345531,0.396016203715804
1,2021-01-03,3,363,901839,0.332653611121276,40.2510869456743,0.36433490741854
1,2021-01-04,5,368,901839,0.554422685202126,40.8055096308765,0.380175555567172
1,2021-01-05,6,374,901839,0.665307222242551,41.470816853119,0.427697500013068
1,2021-01-06,2,376,901839,0.22176907408085,41.6925859271999,0.459378796310333
1,2021-01-07,4,380,901839,0.443538148161701,42.1361240753616,0.475219444458965
1,2021-01-08,6,386,901839,0.665307222242551,42.8014312976041,0.443538148161701
1,2021-01-09,3,389,901839,0.332653611121276,43.1340849087254,0.427697500013068
1,2021-01-10,4,393,901839,0.443538148161701,43.5776230568871,0.459378796310333
1,2021-01-11,3,396,901839,0.332653611121276,43.9102766680084,0.396016203715804
1,2021-01-12,5,401,901839,0.554422685202126,44.4646993532105,0.427697500013068
1,2021-01-13,4,405,901839,0.443538148161701,44.9082375013722,0.396016203715804
1,2021-01-14,0,405,901839,0,44.9082375013722,0.443538148161701
1,2021-01-15,8,413,901839,0.887076296323401,45.7953137976956,0.443538148161701
1,2021-01-16,1,414,901839,0.110884537040425,45.906198334736,0.380175555567172
1,2021-01-17,7,421,901839,0.776191759282976,46.682390094019,0.36433490741854
1,2021-01-18,3,424,901839,0.332653611121276,47.0150437051403,0.396016203715804
1,2021-01-19,1,425,901839,0.110884537040425,47.1259282421807,0.300972314824011
1,2021-01-20,3,428,901839,0.332653611121276,47.458581853302,0.380175555567172
1,2021-01-21,2,430,901839,0.22176907408085,47.6803509273828,0.300972314824011
1,2021-01-22,2,432,901839,0.22176907408085,47.9021200014637,NA
1,2021-01-23,6,438,901839,0.665307222242551,48.5674272237062,NA
1,2021-01-24,2,440,901839,0.22176907408085,48.7891962977871,NA
2,2020-03-11,0,0,928581,0,0,NA
2,2020-03-12,0,0,928581,0,0,NA
2,2020-03-13,0,0,928581,0,0,NA
2,2020-03-14,0,0,928581,0,0,0
2,2020-03-15,0,0,928581,0,0,0
2,2020-03-16,0,0,928581,0,0,0
2,2020-03-17,0,0,928581,0,0,0
2,2020-03-18,0,0,928581,0,0,0
2,2020-03-19,0,0,928581,0,0,0.0153844568063683
2,2020-03-20,0,0,928581,0,0,0.0153844568063683
2,2020-03-21,0,0,928581,0,0,0.0307689136127366
2,2020-03-22,1,1,928581,0.107691197644578,0.107691197644578,0.0307689136127366
2,2020-03-23,0,1,928581,0,0.107691197644578,0.0307689136127366
2,2020-03-24,1,2,928581,0.107691197644578,0.215382395289156,0.0307689136127366
2,2020-03-25,0,2,928581,0,0.215382395289156,0.0307689136127366
2,2020-03-26,0,2,928581,0,0.215382395289156,0.0461533704191049
2,2020-03-27,0,2,928581,0,0.215382395289156,0.123075654450946
2,2020-03-28,0,2,928581,0,0.215382395289156,0.123075654450946
2,2020-03-29,2,4,928581,0.215382395289156,0.430764790578312,0.138460111257315
2,2020-03-30,5,9,928581,0.538455988222891,0.969220778801203,0.169229024870051
2,2020-03-31,1,10,928581,0.107691197644578,1.07691197644578,0.215382395289156
2,2020-04-01,1,11,928581,0.107691197644578,1.18460317409036,0.292304679320998
2,2020-04-02,2,13,928581,0.215382395289156,1.39998556937952,0.353842506546471
2,2020-04-03,3,16,928581,0.323073592933734,1.72305916231325,0.307689136127366
2,2020-04-04,5,21,928581,0.538455988222891,2.26151515053614,0.476918160997417
2,2020-04-05,6,27,928581,0.646147185867469,2.90766233640361,0.569224901835627
2,2020-04-06,2,29,928581,0.215382395289156,3.12304473169277,0.676916099480205
2,2020-04-07,12,41,928581,1.29229437173494,4.4153391034277,0.769222840318415
2,2020-04-08,7,48,928581,0.753838383512047,5.16917748693975,0.81537621073752
2,2020-04-09,9,57,928581,0.969220778801203,6.13839826574095,0.830760667543888
2,2020-04-10,9,66,928581,0.969220778801203,7.10761904454216,0.90768295157573
2,2020-04-11,8,74,928581,0.861529581156625,7.96914862569878,0.892298494769362
2,2020-04-12,7,81,928581,0.753838383512047,8.72298700921083,0.90768295157573
2,2020-04-13,7,88,928581,0.753838383512047,9.47682539272288,0.953836321994835
2,2020-04-14,11,99,928581,1.18460317409036,10.6614285668132,0.984605235607572
2,2020-04-15,8,107,928581,0.861529581156625,11.5229581479699,0.953836321994835
2,2020-04-16,12,119,928581,1.29229437173494,12.8152525197048,1.13844980367125
2,2020-04-17,11,130,928581,1.18460317409036,13.9998556937952,1.2153720877031
2,2020-04-18,6,136,928581,0.646147185867469,14.6460028796626,1.23075654450946
2,2020-04-19,19,155,928581,2.04613275524698,16.6921356349096,1.30767882854131
2,2020-04-20,12,167,928581,1.29229437173494,17.9844300066445,1.2153720877031
2,2020-04-21,12,179,928581,1.29229437173494,19.2767243783795,1.18460317409036
2,2020-04-22,13,192,928581,1.39998556937952,20.676709947759,1.2615254581222
2,2020-04-23,6,198,928581,0.646147185867469,21.3228571336265,1.07691197644578
2,2020-04-24,9,207,928581,0.969220778801203,22.2920779124277,0.99998969241394
2,2020-04-25,11,218,928581,1.18460317409036,23.476681086518,0.892298494769362
2,2020-04-26,7,225,928581,0.753838383512047,24.2305194700301,0.830760667543888
2,2020-04-27,7,232,928581,0.753838383512047,24.9843578535421,0.830760667543888
2,2020-04-28,5,237,928581,0.538455988222891,25.522813841765,0.753838383512047
2,2020-04-29,9,246,928581,0.969220778801203,26.4920346205662,0.692300556286574
2,2020-04-30,6,252,928581,0.646147185867469,27.1381818064337,0.799991753931152
2,2020-05-01,4,256,928581,0.430764790578312,27.568946597012,0.81537621073752
2,2020-05-02,7,263,928581,0.753838383512047,28.322784980524,0.81537621073752
2,2020-05-03,14,277,928581,1.50767676702409,29.8304617475481,0.753838383512047
2,2020-05-04,8,285,928581,0.861529581156625,30.6919913287048,0.72306946989931
2,2020-05-05,5,290,928581,0.538455988222891,31.2304473169277,0.830760667543888
2,2020-05-06,5,295,928581,0.538455988222891,31.7689033051505,0.753838383512047
2,2020-05-07,4,299,928581,0.430764790578312,32.1996680957289,0.6307627290611
2,2020-05-08,11,310,928581,1.18460317409036,33.3842712698192,0.676916099480205
2,2020-05-09,2,312,928581,0.215382395289156,33.5996536651084,0.661531642673837
2,2020-05-10,6,318,928581,0.646147185867469,34.2458008509758,0.615378272254732
2,2020-05-11,11,329,928581,1.18460317409036,35.4304040250662,0.599993815448364
2,2020-05-12,4,333,928581,0.430764790578312,35.8611688156445,0.461533704191049
2,2020-05-13,2,335,928581,0.215382395289156,36.0765512109337,0.446149247384681
2,2020-05-14,3,338,928581,0.323073592933734,36.3996248038674,0.446149247384681
2,2020-05-15,2,340,928581,0.215382395289156,36.6150071991566,0.338458049740103
2,2020-05-16,1,341,928581,0.107691197644578,36.7226983968011,0.338458049740103
2,2020-05-17,6,347,928581,0.646147185867469,37.3688455826686,0.323073592933734
2,2020-05-18,4,351,928581,0.430764790578312,37.7996103732469,0.353842506546471
2,2020-05-19,4,355,928581,0.430764790578312,38.2303751638252,0.384611420159208
2,2020-05-20,1,356,928581,0.107691197644578,38.3380663614698,0.415380333771944
2,2020-05-21,5,361,928581,0.538455988222891,38.8765223496927,0.353842506546471
2,2020-05-22,4,365,928581,0.430764790578312,39.307287140271,0.353842506546471
2,2020-05-23,3,368,928581,0.323073592933734,39.6303607332047,0.399995876965576
2,2020-05-24,2,370,928581,0.215382395289156,39.8457431284939,0.430764790578313
2,2020-05-25,4,374,928581,0.430764790578312,40.2765079190722,0.369226963352839
2,2020-05-26,7,381,928581,0.753838383512047,41.0303463025843,0.384611420159208
2,2020-05-27,3,384,928581,0.323073592933734,41.353419895518,0.338458049740103
2,2020-05-28,1,385,928581,0.107691197644578,41.4611110931626,0.323073592933734
2,2020-05-29,5,390,928581,0.538455988222891,41.9995670813855,0.276920222514629
2,2020-05-30,0,390,928581,0,41.9995670813855,0.199997938482788
2,2020-05-31,1,391,928581,0.107691197644578,42.10725827903,0.18461348167642
2,2020-06-01,1,392,928581,0.107691197644578,42.2149494766746,0.18461348167642
2,2020-06-02,2,394,928581,0.215382395289156,42.4303318719638,0.123075654450946
2,2020-06-03,2,396,928581,0.215382395289156,42.6457142672529,0.169229024870051
2,2020-06-04,1,397,928581,0.107691197644578,42.7534054648975,0.18461348167642
2,2020-06-05,1,398,928581,0.107691197644578,42.8610966625421,0.18461348167642
2,2020-06-06,3,401,928581,0.323073592933734,43.1841702554758,0.199997938482788
2,2020-06-07,2,403,928581,0.215382395289156,43.399552650765,0.169229024870051
2,2020-06-08,1,404,928581,0.107691197644578,43.5072438484096,0.18461348167642
2,2020-06-09,3,407,928581,0.323073592933734,43.8303174413433,0.169229024870051
2,2020-06-10,0,407,928581,0,43.8303174413433,0.138460111257315
2,2020-06-11,2,409,928581,0.215382395289156,44.0456998366325,0.123075654450946
2,2020-06-12,0,409,928581,0,44.0456998366325,0.138460111257315
2,2020-06-13,1,410,928581,0.107691197644578,44.153391034277,0.0923067408382098
2,2020-06-14,1,411,928581,0.107691197644578,44.2610822319216,0.107691197644578
2,2020-06-15,2,413,928581,0.215382395289156,44.4764646272108,0.107691197644578
2,2020-06-16,0,413,928581,0,44.4764646272108,0.123075654450946
2,2020-06-17,1,414,928581,0.107691197644578,44.5841558248553,0.107691197644578
2,2020-06-18,2,416,928581,0.215382395289156,44.7995382201445,0.0923067408382098
2,2020-06-19,1,417,928581,0.107691197644578,44.9072294177891,0.0769222840318415
2,2020-06-20,0,417,928581,0,44.9072294177891,0.0923067408382098
2,2020-06-21,0,417,928581,0,44.9072294177891,0.0923067408382098
2,2020-06-22,1,418,928581,0.107691197644578,45.0149206154337,0.0615378272254732
2,2020-06-23,1,419,928581,0.107691197644578,45.1226118130782,0.0615378272254732
2,2020-06-24,1,420,928581,0.107691197644578,45.2303030107228,0.0615378272254732
2,2020-06-25,0,420,928581,0,45.2303030107228,0.0769222840318415
2,2020-06-26,1,421,928581,0.107691197644578,45.3379942083674,0.0615378272254732
2,2020-06-27,0,421,928581,0,45.3379942083674,0.0461533704191049
2,2020-06-28,1,422,928581,0.107691197644578,45.445685406012,0.0307689136127366
2,2020-06-29,0,422,928581,0,45.445685406012,0.0307689136127366
2,2020-06-30,0,422,928581,0,45.445685406012,0.0307689136127366
2,2020-07-01,0,422,928581,0,45.445685406012,0.0307689136127366
2,2020-07-02,0,422,928581,0,45.445685406012,0.0153844568063683
2,2020-07-03,1,423,928581,0.107691197644578,45.5533766036565,0.0153844568063683
2,2020-07-04,0,423,928581,0,45.5533766036565,0.0307689136127366
2,2020-07-05,0,423,928581,0,45.5533766036565,0.0307689136127366
2,2020-07-06,0,423,928581,0,45.5533766036565,0.0307689136127366
2,2020-07-07,1,424,928581,0.107691197644578,45.6610678013011,0.0307689136127366
2,2020-07-08,0,424,928581,0,45.6610678013011,0.0461533704191049
2,2020-07-09,0,424,928581,0,45.6610678013011,0.0461533704191049
2,2020-07-10,1,425,928581,0.107691197644578,45.7687589989457,0.0461533704191049
2,2020-07-11,1,426,928581,0.107691197644578,45.8764501965903,0.0461533704191049
2,2020-07-12,0,426,928581,0,45.8764501965903,0.0461533704191049
2,2020-07-13,0,426,928581,0,45.8764501965903,0.0461533704191049
2,2020-07-14,1,427,928581,0.107691197644578,45.9841413942349,0.0461533704191049
2,2020-07-15,0,427,928581,0,45.9841413942349,0.0307689136127366
2,2020-07-16,0,427,928581,0,45.9841413942349,0.0307689136127366
2,2020-07-17,1,428,928581,0.107691197644578,46.0918325918794,0.0461533704191049
2,2020-07-18,0,428,928581,0,46.0918325918794,0.0307689136127366
2,2020-07-19,0,428,928581,0,46.0918325918794,0.0307689136127366
2,2020-07-20,1,429,928581,0.107691197644578,46.199523789524,0.0307689136127366
2,2020-07-21,0,429,928581,0,46.199523789524,0.0153844568063683
2,2020-07-22,0,429,928581,0,46.199523789524,0.0153844568063683
2,2020-07-23,0,429,928581,0,46.199523789524,0.0307689136127366
2,2020-07-24,0,429,928581,0,46.199523789524,0.0153844568063683
2,2020-07-25,0,429,928581,0,46.199523789524,0.0153844568063683
2,2020-07-26,1,430,928581,0.107691197644578,46.3072149871686,0.0307689136127366
2,2020-07-27,0,430,928581,0,46.3072149871686,0.0307689136127366
2,2020-07-28,0,430,928581,0,46.3072149871686,0.0307689136127366
2,2020-07-29,1,431,928581,0.107691197644578,46.4149061848132,0.0461533704191049
2,2020-07-30,0,431,928581,0,46.4149061848132,0.0307689136127366
2,2020-07-31,0,431,928581,0,46.4149061848132,0.0307689136127366
2,2020-08-01,1,432,928581,0.107691197644578,46.5225973824577,0.0307689136127366
2,2020-08-02,0,432,928581,0,46.5225973824577,0.0153844568063683
2,2020-08-03,0,432,928581,0,46.5225973824577,0.0153844568063683
2,2020-08-04,0,432,928581,0,46.5225973824577,0.0153844568063683
2,2020-08-05,0,432,928581,0,46.5225973824577,1.98254111540207e-17
2,2020-08-06,0,432,928581,0,46.5225973824577,1.98254111540207e-17
2,2020-08-07,0,432,928581,0,46.5225973824577,1.98254111540207e-17
2,2020-08-08,0,432,928581,0,46.5225973824577,0.0153844568063683
2,2020-08-09,0,432,928581,0,46.5225973824577,0.0153844568063683
2,2020-08-10,0,432,928581,0,46.5225973824577,0.0153844568063683
2,2020-08-11,1,433,928581,0.107691197644578,46.6302885801023,0.0153844568063683
2,2020-08-12,0,433,928581,0,46.6302885801023,0.0153844568063683
2,2020-08-13,0,433,928581,0,46.6302885801023,0.0153844568063683
2,2020-08-14,0,433,928581,0,46.6302885801023,0.0153844568063683
2,2020-08-15,0,433,928581,0,46.6302885801023,1.98254111540207e-17
2,2020-08-16,0,433,928581,0,46.6302885801023,1.98254111540207e-17
2,2020-08-17,0,433,928581,0,46.6302885801023,1.98254111540207e-17
2,2020-08-18,0,433,928581,0,46.6302885801023,1.98254111540207e-17
2,2020-08-19,0,433,928581,0,46.6302885801023,1.98254111540207e-17
2,2020-08-20,0,433,928581,0,46.6302885801023,0.0153844568063683
2,2020-08-21,0,433,928581,0,46.6302885801023,0.0153844568063683
2,2020-08-22,0,433,928581,0,46.6302885801023,0.0153844568063683
2,2020-08-23,1,434,928581,0.107691197644578,46.7379797777469,0.0153844568063683
2,2020-08-24,0,434,928581,0,46.7379797777469,0.0153844568063683
2,2020-08-25,0,434,928581,0,46.7379797777469,0.0153844568063683
2,2020-08-26,0,434,928581,0,46.7379797777469,0.0153844568063683
2,2020-08-27,0,434,928581,0,46.7379797777469,1.98254111540207e-17
2,2020-08-28,0,434,928581,0,46.7379797777469,1.98254111540207e-17
2,2020-08-29,0,434,928581,0,46.7379797777469,1.98254111540207e-17
2,2020-08-30,0,434,928581,0,46.7379797777469,1.98254111540207e-17
2,2020-08-31,0,434,928581,0,46.7379797777469,1.98254111540207e-17
2,2020-09-01,0,434,928581,0,46.7379797777469,1.98254111540207e-17
2,2020-09-02,0,434,928581,0,46.7379797777469,1.98254111540207e-17
2,2020-09-03,0,434,928581,0,46.7379797777469,1.98254111540207e-17
2,2020-09-04,0,434,928581,0,46.7379797777469,1.98254111540207e-17
2,2020-09-05,0,434,928581,0,46.7379797777469,1.98254111540207e-17
2,2020-09-06,0,434,928581,0,46.7379797777469,1.98254111540207e-17
2,2020-09-07,0,434,928581,0,46.7379797777469,1.98254111540207e-17
2,2020-09-08,0,434,928581,0,46.7379797777469,1.98254111540207e-17
2,2020-09-09,0,434,928581,0,46.7379797777469,1.98254111540207e-17
2,2020-09-10,0,434,928581,0,46.7379797777469,1.98254111540207e-17
2,2020-09-11,0,434,928581,0,46.7379797777469,1.98254111540207e-17
2,2020-09-12,0,434,928581,0,46.7379797777469,1.98254111540207e-17
2,2020-09-13,0,434,928581,0,46.7379797777469,1.98254111540207e-17
2,2020-09-14,0,434,928581,0,46.7379797777469,1.98254111540207e-17
2,2020-09-15,0,434,928581,0,46.7379797777469,1.98254111540207e-17
2,2020-09-16,0,434,928581,0,46.7379797777469,1.98254111540207e-17
2,2020-09-17,0,434,928581,0,46.7379797777469,1.98254111540207e-17
2,2020-09-18,0,434,928581,0,46.7379797777469,1.98254111540207e-17
2,2020-09-19,0,434,928581,0,46.7379797777469,1.98254111540207e-17
2,2020-09-20,0,434,928581,0,46.7379797777469,1.98254111540207e-17
2,2020-09-21,0,434,928581,0,46.7379797777469,1.98254111540207e-17
2,2020-09-22,0,434,928581,0,46.7379797777469,1.98254111540207e-17
2,2020-09-23,0,434,928581,0,46.7379797777469,1.98254111540207e-17
2,2020-09-24,0,434,928581,0,46.7379797777469,1.98254111540207e-17
2,2020-09-25,0,434,928581,0,46.7379797777469,1.98254111540207e-17
2,2020-09-26,0,434,928581,0,46.7379797777469,0.0153844568063683
2,2020-09-27,0,434,928581,0,46.7379797777469,0.0153844568063683
2,2020-09-28,0,434,928581,0,46.7379797777469,0.0153844568063683
2,2020-09-29,1,435,928581,0.107691197644578,46.8456709753915,0.0153844568063683
2,2020-09-30,0,435,928581,0,46.8456709753915,0.0307689136127366
2,2020-10-01,0,435,928581,0,46.8456709753915,0.0461533704191049
2,2020-10-02,0,435,928581,0,46.8456709753915,0.0461533704191049
2,2020-10-03,1,436,928581,0.107691197644578,46.9533621730361,0.0307689136127366
2,2020-10-04,1,437,928581,0.107691197644578,47.0610533706806,0.0769222840318415
2,2020-10-05,0,437,928581,0,47.0610533706806,0.0923067408382098
2,2020-10-06,0,437,928581,0,47.0610533706806,0.123075654450946
2,2020-10-07,3,440,928581,0.323073592933734,47.3841269636144,0.123075654450946
2,2020-10-08,1,441,928581,0.107691197644578,47.4918181612589,0.107691197644578
2,2020-10-09,2,443,928581,0.215382395289156,47.7072005565481,0.107691197644578
2,2020-10-10,1,444,928581,0.107691197644578,47.8148917541927,0.123075654450946
2,2020-10-11,0,444,928581,0,47.8148917541927,0.0769222840318415
2,2020-10-12,0,444,928581,0,47.8148917541927,0.0615378272254732
2,2020-10-13,1,445,928581,0.107691197644578,47.9225829518373,0.0615378272254732
2,2020-10-14,0,445,928581,0,47.9225829518373,0.0615378272254732
2,2020-10-15,0,445,928581,0,47.9225829518373,0.0769222840318415
2,2020-10-16,2,447,928581,0.215382395289156,48.1379653471264,0.107691197644578
2,2020-10-17,1,448,928581,0.107691197644578,48.245656544771,0.0923067408382098
2,2020-10-18,1,449,928581,0.107691197644578,48.3533477424156,0.107691197644578
2,2020-10-19,2,451,928581,0.215382395289156,48.5687301377047,0.153844568063683
2,2020-10-20,0,451,928581,0,48.5687301377047,0.138460111257315
2,2020-10-21,1,452,928581,0.107691197644578,48.6764213353493,0.123075654450946
2,2020-10-22,3,455,928581,0.323073592933734,48.999494928283,0.107691197644578
2,2020-10-23,1,456,928581,0.107691197644578,49.1071861259276,0.123075654450946
2,2020-10-24,0,456,928581,0,49.1071861259276,0.123075654450946
2,2020-10-25,0,456,928581,0,49.1071861259276,0.138460111257315
2,2020-10-26,3,459,928581,0.323073592933734,49.4302597188614,0.123075654450946
2,2020-10-27,0,459,928581,0,49.4302597188614,0.123075654450946
2,2020-10-28,2,461,928581,0.215382395289156,49.6456421141505,0.138460111257315
2,2020-10-29,2,463,928581,0.215382395289156,49.8610245094397,0.138460111257315
2,2020-10-30,1,464,928581,0.107691197644578,49.9687157070843,0.107691197644578
2,2020-10-31,1,465,928581,0.107691197644578,50.0764069047288,0.153844568063683
2,2020-11-01,0,465,928581,0,50.0764069047288,0.169229024870051
2,2020-11-02,1,466,928581,0.107691197644578,50.1840981023734,0.169229024870051
2,2020-11-03,3,469,928581,0.323073592933734,50.5071716953071,0.169229024870051
2,2020-11-04,3,472,928581,0.323073592933734,50.8302452882409,0.199997938482788
2,2020-11-05,2,474,928581,0.215382395289156,51.04562768353,0.261535765708261
2,2020-11-06,1,475,928581,0.107691197644578,51.1533188811746,0.292304679320998
2,2020-11-07,3,478,928581,0.323073592933734,51.4763924741083,0.369226963352839
2,2020-11-08,4,482,928581,0.430764790578312,51.9071572646867,0.415380333771944
2,2020-11-09,3,485,928581,0.323073592933734,52.2302308576204,0.446149247384681
2,2020-11-10,8,493,928581,0.861529581156625,53.091760438777,0.476918160997417
2,2020-11-11,6,499,928581,0.646147185867469,53.7379076246445,0.507687074610154
2,2020-11-12,4,503,928581,0.430764790578312,54.1686724152228,0.538455988222891
2,2020-11-13,3,506,928581,0.323073592933734,54.4917460081565,0.507687074610154
2,2020-11-14,5,511,928581,0.538455988222891,55.0302019963794,0.430764790578313
2,2020-11-15,6,517,928581,0.646147185867469,55.6763491822469,0.430764790578313
2,2020-11-16,1,518,928581,0.107691197644578,55.7840403798915,0.415380333771944
2,2020-11-17,3,521,928581,0.323073592933734,56.1071139728252,0.430764790578313
2,2020-11-18,6,527,928581,0.646147185867469,56.7532611586927,0.415380333771944
2,2020-11-19,3,530,928581,0.323073592933734,57.0763347516264,0.353842506546471
2,2020-11-20,4,534,928581,0.430764790578312,57.5070995422047,0.446149247384681
2,2020-11-21,4,538,928581,0.430764790578312,57.937864332783,0.446149247384681
2,2020-11-22,2,540,928581,0.215382395289156,58.1532467280722,0.446149247384681
2,2020-11-23,7,547,928581,0.753838383512047,58.9070851115842,0.461533704191049
2,2020-11-24,3,550,928581,0.323073592933734,59.230158704518,0.446149247384681
2,2020-11-25,6,556,928581,0.646147185867469,59.8763058903854,0.384611420159208
2,2020-11-26,4,560,928581,0.430764790578312,60.3070706809638,0.415380333771944
2,2020-11-27,3,563,928581,0.323073592933734,60.6301442738975,0.338458049740103
2,2020-11-28,0,563,928581,0,60.6301442738975,0.323073592933734
2,2020-11-29,4,567,928581,0.430764790578312,61.0609090644758,0.276920222514629
2,2020-11-30,2,569,928581,0.215382395289156,61.276291459765,0.246151308901893
2,2020-12-01,2,571,928581,0.215382395289156,61.4916738550541,0.261535765708261
2,2020-12-02,3,574,928581,0.323073592933734,61.8147474479878,0.276920222514629
2,2020-12-03,2,576,928581,0.215382395289156,62.030129843277,0.261535765708261
2,2020-12-04,4,580,928581,0.430764790578312,62.4608946338553,0.230766852095525
2,2020-12-05,1,581,928581,0.107691197644578,62.5685858314999,0.215382395289156
2,2020-12-06,3,584,928581,0.323073592933734,62.8916594244336,0.199997938482788
2,2020-12-07,0,584,928581,0,62.8916594244336,0.199997938482788
2,2020-12-08,1,585,928581,0.107691197644578,62.9993506220782,0.18461348167642
2,2020-12-09,2,587,928581,0.215382395289156,63.2147330173674,0.215382395289156
2,2020-12-10,2,589,928581,0.215382395289156,63.4301154126565,0.169229024870051
2,2020-12-11,3,592,928581,0.323073592933734,63.7531890055902,0.199997938482788
2,2020-12-12,3,595,928581,0.323073592933734,64.076262598524,0.230766852095525
2,2020-12-13,0,595,928581,0,64.076262598524,0.246151308901893
2,2020-12-14,2,597,928581,0.215382395289156,64.2916449938132,0.276920222514629
2,2020-12-15,3,600,928581,0.323073592933734,64.6147185867469,0.292304679320998
2,2020-12-16,3,603,928581,0.323073592933734,64.9377921796806,0.292304679320998
2,2020-12-17,4,607,928581,0.430764790578312,65.3685569702589,0.307689136127366
2,2020-12-18,4,611,928581,0.430764790578312,65.7993217608372,0.307689136127366
2,2020-12-19,3,614,928581,0.323073592933734,66.122395353771,0.353842506546471
2,2020-12-20,1,615,928581,0.107691197644578,66.2300865514155,0.307689136127366
2,2020-12-21,2,617,928581,0.215382395289156,66.4454689467047,0.292304679320998
2,2020-12-22,6,623,928581,0.646147185867469,67.0916161325722,0.261535765708261
2,2020-12-23,0,623,928581,0,67.0916161325722,0.276920222514629
2,2020-12-24,3,626,928581,0.323073592933734,67.4146897255059,0.276920222514629
2,2020-12-25,2,628,928581,0.215382395289156,67.6300721207951,0.276920222514629
2,2020-12-26,4,632,928581,0.430764790578312,68.0608369113734,0.215382395289156
2,2020-12-27,1,633,928581,0.107691197644578,68.168528109018,0.230766852095525
2,2020-12-28,2,635,928581,0.215382395289156,68.3839105043071,0.261535765708261
2,2020-12-29,2,637,928581,0.215382395289156,68.5992928995963,0.261535765708261
2,2020-12-30,1,638,928581,0.107691197644578,68.7069840972408,0.261535765708261
2,2020-12-31,5,643,928581,0.538455988222891,69.2454400854637,0.307689136127366
2,2021-01-01,2,645,928581,0.215382395289156,69.4608224807529,0.369226963352839
2,2021-01-02,4,649,928581,0.430764790578312,69.8915872713312,0.399995876965576
2,2021-01-03,4,653,928581,0.430764790578312,70.3223520619095,0.461533704191049
2,2021-01-04,6,659,928581,0.646147185867469,70.968499247777,0.461533704191049
2,2021-01-05,4,663,928581,0.430764790578312,71.3992640383553,0.446149247384681
2,2021-01-06,5,668,928581,0.538455988222891,71.9377200265782,0.446149247384681
2,2021-01-07,5,673,928581,0.538455988222891,72.4761760148011,0.523071531416522
2,2021-01-08,1,674,928581,0.107691197644578,72.5838672124457,0.538455988222891
2,2021-01-09,4,678,928581,0.430764790578312,73.014632003024,0.523071531416522
2,2021-01-10,9,687,928581,0.969220778801203,73.9838527818252,0.507687074610154
2,2021-01-11,7,694,928581,0.753838383512047,74.7376911653372,0.461533704191049
2,2021-01-12,3,697,928581,0.323073592933734,75.0607647582709,0.523071531416522
2,2021-01-13,4,701,928581,0.430764790578312,75.4915295488493,0.553840445029259
2,2021-01-14,2,703,928581,0.215382395289156,75.7069119441384,0.492302617803786
2,2021-01-15,5,708,928581,0.538455988222891,76.2453679323613,0.446149247384681
2,2021-01-16,6,714,928581,0.646147185867469,76.8915151182288,0.430764790578313
2,2021-01-17,5,719,928581,0.538455988222891,77.4299711064517,0.446149247384681
2,2021-01-18,4,723,928581,0.430764790578312,77.86073589703,0.523071531416522
2,2021-01-19,2,725,928581,0.215382395289156,78.0761182923191,0.538455988222891
2,2021-01-20,5,730,928581,0.538455988222891,78.614574280542,0.461533704191049
2,2021-01-21,7,737,928581,0.753838383512047,79.3684126640541,0.476918160997417
2,2021-01-22,6,743,928581,0.646147185867469,80.0145598499216,NA
2,2021-01-23,1,744,928581,0.107691197644578,80.1222510475661,NA
2,2021-01-24,6,750,928581,0.646147185867469,80.7683982334336,NA
3,2020-03-11,0,0,900608,0,0,NA
3,2020-03-12,0,0,900608,0,0,NA
3,2020-03-13,0,0,900608,0,0,NA
3,2020-03-14,0,0,900608,0,0,0
3,2020-03-15,0,0,900608,0,0,0
3,2020-03-16,0,0,900608,0,0,0
3,2020-03-17,0,0,900608,0,0,0
3,2020-03-18,0,0,900608,0,0,0
3,2020-03-19,0,0,900608,0,0,0
3,2020-03-20,0,0,900608,0,0,0.0158623000081215
3,2020-03-21,0,0,900608,0,0,0.0158623000081215
3,2020-03-22,0,0,900608,0,0,0.031724600016243
3,2020-03-23,1,1,900608,0.11103610005685,0.11103610005685,0.031724600016243
3,2020-03-24,0,1,900608,0,0.11103610005685,0.031724600016243
3,2020-03-25,1,2,900608,0.11103610005685,0.222072200113701,0.031724600016243
3,2020-03-26,0,2,900608,0,0.222072200113701,0.031724600016243
3,2020-03-27,0,2,900608,0,0.222072200113701,0.031724600016243
3,2020-03-28,0,2,900608,0,0.222072200113701,0.063449200032486
3,2020-03-29,0,2,900608,0,0.222072200113701,0.095173800048729
3,2020-03-30,1,3,900608,0.11103610005685,0.333108300170551,0.142760700073093
3,2020-03-31,2,5,900608,0.222072200113701,0.555180500284252,0.158623000081215
3,2020-04-01,3,8,900608,0.333108300170551,0.888288800454804,0.237934500121822
3,2020-04-02,3,11,900608,0.333108300170551,1.22139710062536,0.301383700154308
3,2020-04-03,1,12,900608,0.11103610005685,1.33243320068221,0.348970600178673
3,2020-04-04,5,17,900608,0.555180500284252,1.88761370096646,0.380695200194916
3,2020-04-05,4,21,900608,0.444144400227402,2.33175810119386,0.475869000243645
3,2020-04-06,4,25,900608,0.444144400227402,2.77590250142126,0.491731300251766
3,2020-04-07,4,29,900608,0.444144400227402,3.22004690164866,0.571042800292374
3,2020-04-08,9,38,900608,0.999324900511654,4.21937180216032,0.618629700316738
3,2020-04-09,4,42,900608,0.444144400227402,4.66351620238772,0.618629700316738
3,2020-04-10,6,48,900608,0.666216600341103,5.32973280272882,0.63449200032486
3,2020-04-11,8,56,900608,0.888288800454804,6.21802160318363,0.650354300332981
3,2020-04-12,4,60,900608,0.444144400227402,6.66216600341103,0.697941200357346
3,2020-04-13,5,65,900608,0.555180500284252,7.21734650369528,0.74552810038171
3,2020-04-14,5,70,900608,0.555180500284252,7.77252700397953,0.729665800373589
3,2020-04-15,12,82,900608,1.33243320068221,9.10496020466174,0.793115000406075
3,2020-04-16,7,89,900608,0.777252700397953,9.88221290505969,0.95173800048729
3,2020-04-17,5,94,900608,0.555180500284252,10.4373934053439,0.967600300495411
3,2020-04-18,12,106,900608,1.33243320068221,11.7698266060262,1.07863640055226
3,2020-04-19,14,120,900608,1.55450540079591,13.3243320068221,1.07863640055226
3,2020-04-20,6,126,900608,0.666216600341103,13.9905486071632,1.06277410054414
3,2020-04-21,12,138,900608,1.33243320068221,15.3229818078454,1.20553480061723
3,2020-04-22,12,150,900608,1.33243320068221,16.6554150085276,1.15794790059287
3,2020-04-23,6,156,900608,0.666216600341103,17.3216316088687,1.1103610005685
3,2020-04-24,14,170,900608,1.55450540079591,18.8761370096646,1.2531217006416
3,2020-04-25,9,179,900608,0.999324900511654,19.8754619101762,1.15794790059287
3,2020-04-26,11,190,900608,1.22139710062536,21.0968590108016,1.17381020060099
3,2020-04-27,15,205,900608,1.66554150085276,22.7624005116543,1.28484630065784
3,2020-04-28,6,211,900608,0.666216600341103,23.4286171119955,1.31657090067408
3,2020-04-29,13,224,900608,1.44346930073906,24.8720864127345,1.28484630065784
3,2020-04-30,13,237,900608,1.44346930073906,26.3155557134736,1.2531217006416
3,2020-05-01,16,253,900608,1.77657760090961,28.0921333143832,1.15794790059287
3,2020-05-02,7,260,900608,0.777252700397953,28.8693860147811,1.17381020060099
3,2020-05-03,9,269,900608,0.999324900511654,29.8687109152928,1.18967250060911
3,2020-05-04,9,278,900608,0.999324900511654,30.8680358158044,1.1103610005685
3,2020-05-05,7,285,900608,0.777252700397953,31.6452885162024,0.904151100462925
3,2020-05-06,14,299,900608,1.55450540079591,33.1997939169983,0.935875700479168
3,2020-05-07,8,307,900608,0.888288800454804,34.0880827174531,0.95173800048729
3,2020-05-08,3,310,900608,0.333108300170551,34.4211910176236,0.840701900430439
3,2020-05-09,9,319,900608,0.999324900511654,35.4205159181353,0.824839600422318
3,2020-05-10,10,329,900608,1.1103610005685,36.5308769187038,0.713803500365467
3,2020-05-11,2,331,900608,0.222072200113701,36.7529491188175,0.650354300332981
3,2020-05-12,6,337,900608,0.666216600341103,37.4191657191586,0.713803500365467
3,2020-05-13,7,344,900608,0.777252700397953,38.1964184195566,0.713803500365467
3,2020-05-14,4,348,900608,0.444144400227402,38.640562819784,0.697941200357346
3,2020-05-15,7,355,900608,0.777252700397953,39.4178155201819,0.808977300414196
3,2020-05-16,9,364,900608,0.999324900511654,40.4171404206936,0.777252700397953
3,2020-05-17,9,373,900608,0.999324900511654,41.4164653212052,0.74552810038171
3,2020-05-18,9,382,900608,0.999324900511654,42.4157902217169,0.761390400389832
3,2020-05-19,4,386,900608,0.444144400227402,42.8599346219443,0.74552810038171
3,2020-05-20,5,391,900608,0.555180500284252,43.4151151222285,0.682078900349224
3,2020-05-21,5,396,900608,0.555180500284252,43.9702956225128,0.650354300332981
3,2020-05-22,6,402,900608,0.666216600341103,44.6365122228539,0.555180500284252
3,2020-05-23,5,407,900608,0.555180500284252,45.1916927231381,0.586905100300495
3,2020-05-24,7,414,900608,0.777252700397953,45.9689454235361,0.618629700316738
3,2020-05-25,3,417,900608,0.333108300170551,46.3020537237067,0.618629700316738
3,2020-05-26,6,423,900608,0.666216600341103,46.9682703240478,0.63449200032486
3,2020-05-27,7,430,900608,0.777252700397953,47.7455230244457,0.713803500365467
3,2020-05-28,5,435,900608,0.555180500284252,48.30070352473,0.618629700316738
3,2020-05-29,7,442,900608,0.777252700397953,49.0779562251279,0.618629700316738
3,2020-05-30,10,452,900608,1.1103610005685,50.1883172256964,0.555180500284252
3,2020-05-31,1,453,900608,0.11103610005685,50.2993533257533,0.507593600259888
3,2020-06-01,3,456,900608,0.333108300170551,50.6324616259238,0.523455900268009
3,2020-06-02,2,458,900608,0.222072200113701,50.8545338260375,0.444144400227402
3,2020-06-03,4,462,900608,0.444144400227402,51.2986782262649,0.348970600178673
3,2020-06-04,6,468,900608,0.666216600341103,51.964894826606,0.396557500203037
3,2020-06-05,2,470,900608,0.222072200113701,52.1869670267197,0.364832900186794
3,2020-06-06,4,474,900608,0.444144400227402,52.6311114269471,0.42828210021928
3,2020-06-07,4,478,900608,0.444144400227402,53.0752558271745,0.42828210021928
3,2020-06-08,1,479,900608,0.11103610005685,53.1862919272314,0.348970600178673
3,2020-06-09,6,485,900608,0.666216600341103,53.8525085275725,0.31724600016243
3,2020-06-10,4,489,900608,0.444144400227402,54.2966529277999,0.285521400146187
3,2020-06-11,1,490,900608,0.11103610005685,54.4076890278567,0.301383700154308
3,2020-06-12,0,490,900608,0,54.4076890278567,0.31724600016243
3,2020-06-13,2,492,900608,0.222072200113701,54.6297612279704,0.269659100138065
3,2020-06-14,5,497,900608,0.555180500284252,55.1849417282547,0.222072200113701
3,2020-06-15,2,499,900608,0.222072200113701,55.4070139283684,0.253796800129944
3,2020-06-16,3,502,900608,0.333108300170551,55.7401222285389,0.269659100138065
3,2020-06-17,1,503,900608,0.11103610005685,55.8511583285958,0.269659100138065
3,2020-06-18,3,506,900608,0.333108300170551,56.1842666287663,0.222072200113701
3,2020-06-19,1,507,900608,0.11103610005685,56.2953027288232,0.222072200113701
3,2020-06-20,2,509,900608,0.222072200113701,56.5173749289369,0.222072200113701
3,2020-06-21,2,511,900608,0.222072200113701,56.7394471290506,0.237934500121822
3,2020-06-22,2,513,900608,0.222072200113701,56.9615193291643,0.190347600097458
3,2020-06-23,3,516,900608,0.333108300170551,57.2946276293348,0.190347600097458
3,2020-06-24,2,518,900608,0.222072200113701,57.5166998294485,0.174485300089336
3,2020-06-25,0,518,900608,0,57.5166998294485,0.142760700073093
3,2020-06-26,1,519,900608,0.11103610005685,57.6277359295054,0.174485300089336
3,2020-06-27,1,520,900608,0.11103610005685,57.7387720295622,0.142760700073093
3,2020-06-28,0,520,900608,0,57.7387720295622,0.11103610005685
3,2020-06-29,4,524,900608,0.444144400227402,58.1829164297897,0.142760700073093
3,2020-06-30,1,525,900608,0.11103610005685,58.2939525298465,0.142760700073093
3,2020-07-01,0,525,900608,0,58.2939525298465,0.126898400064972
3,2020-07-02,2,527,900608,0.222072200113701,58.5160247299602,0.126898400064972
3,2020-07-03,1,528,900608,0.11103610005685,58.6270608300171,0.095173800048729
3,2020-07-04,0,528,900608,0,58.6270608300171,0.0793115000406075
3,2020-07-05,0,528,900608,0,58.6270608300171,0.095173800048729
3,2020-07-06,2,530,900608,0.222072200113701,58.8491330301308,0.063449200032486
3,2020-07-07,0,530,900608,0,58.8491330301308,0.063449200032486
3,2020-07-08,1,531,900608,0.11103610005685,58.9601691301876,0.0793115000406075
3,2020-07-09,0,531,900608,0,58.9601691301876,0.095173800048729
3,2020-07-10,1,532,900608,0.11103610005685,59.0712052302445,0.095173800048729
3,2020-07-11,1,533,900608,0.11103610005685,59.1822413303013,0.11103610005685
3,2020-07-12,1,534,900608,0.11103610005685,59.2932774303582,0.126898400064972
3,2020-07-13,2,536,900608,0.222072200113701,59.5153496304719,0.126898400064972
3,2020-07-14,1,537,900608,0.11103610005685,59.6263857305287,0.126898400064972
3,2020-07-15,2,539,900608,0.222072200113701,59.8484579306424,0.158623000081215
3,2020-07-16,0,539,900608,0,59.8484579306424,0.158623000081215
3,2020-07-17,1,540,900608,0.11103610005685,59.9594940306993,0.126898400064972
3,2020-07-18,3,543,900608,0.333108300170551,60.2926023308698,0.11103610005685
3,2020-07-19,1,544,900608,0.11103610005685,60.4036384309267,0.095173800048729
3,2020-07-20,0,544,900608,0,60.4036384309267,0.11103610005685
3,2020-07-21,0,544,900608,0,60.4036384309267,0.11103610005685
3,2020-07-22,1,545,900608,0.11103610005685,60.5146745309835,0.063449200032486
3,2020-07-23,1,546,900608,0.11103610005685,60.6257106310404,0.063449200032486
3,2020-07-24,1,547,900608,0.11103610005685,60.7367467310972,0.063449200032486
3,2020-07-25,0,547,900608,0,60.7367467310972,0.0793115000406075
3,2020-07-26,1,548,900608,0.11103610005685,60.8477828311541,0.063449200032486
3,2020-07-27,0,548,900608,0,60.8477828311541,0.0793115000406075
3,2020-07-28,1,549,900608,0.11103610005685,60.9588189312109,0.0793115000406075
3,2020-07-29,0,549,900608,0,60.9588189312109,0.0793115000406075
3,2020-07-30,2,551,900608,0.222072200113701,61.1808911313246,0.063449200032486
3,2020-07-31,1,552,900608,0.11103610005685,61.2919272313815,0.063449200032486
3,2020-08-01,0,552,900608,0,61.2919272313815,0.0475869000243645
3,2020-08-02,0,552,900608,0,61.2919272313815,0.0475869000243645
3,2020-08-03,0,552,900608,0,61.2919272313815,0.031724600016243
3,2020-08-04,0,552,900608,0,61.2919272313815,0.031724600016243
3,2020-08-05,0,552,900608,0,61.2919272313815,0.031724600016243
3,2020-08-06,1,553,900608,0.11103610005685,61.4029633314383,0.031724600016243
3,2020-08-07,1,554,900608,0.11103610005685,61.5139994314952,0.031724600016243
3,2020-08-08,0,554,900608,0,61.5139994314952,0.031724600016243
3,2020-08-09,0,554,900608,0,61.5139994314952,0.031724600016243
3,2020-08-10,0,554,900608,0,61.5139994314952,0.0158623000081215
3,2020-08-11,0,554,900608,0,61.5139994314952,1.38777878078145e-17
3,2020-08-12,0,554,900608,0,61.5139994314952,1.38777878078145e-17
3,2020-08-13,0,554,900608,0,61.5139994314952,1.38777878078145e-17
3,2020-08-14,0,554,900608,0,61.5139994314952,1.38777878078145e-17
3,2020-08-15,0,554,900608,0,61.5139994314952,1.38777878078145e-17
3,2020-08-16,0,554,900608,0,61.5139994314952,1.38777878078145e-17
3,2020-08-17,0,554,900608,0,61.5139994314952,1.38777878078145e-17
3,2020-08-18,0,554,900608,0,61.5139994314952,1.38777878078145e-17
3,2020-08-19,0,554,900608,0,61.5139994314952,1.38777878078145e-17
3,2020-08-20,0,554,900608,0,61.5139994314952,1.38777878078145e-17
3,2020-08-21,0,554,900608,0,61.5139994314952,1.38777878078145e-17
3,2020-08-22,0,554,900608,0,61.5139994314952,1.38777878078145e-17
3,2020-08-23,0,554,900608,0,61.5139994314952,1.38777878078145e-17
3,2020-08-24,0,554,900608,0,61.5139994314952,1.38777878078145e-17
3,2020-08-25,0,554,900608,0,61.5139994314952,1.38777878078145e-17
3,2020-08-26,0,554,900608,0,61.5139994314952,1.38777878078145e-17
3,2020-08-27,0,554,900608,0,61.5139994314952,1.38777878078145e-17
3,2020-08-28,0,554,900608,0,61.5139994314952,1.38777878078145e-17
3,2020-08-29,0,554,900608,0,61.5139994314952,1.38777878078145e-17
3,2020-08-30,0,554,900608,0,61.5139994314952,1.38777878078145e-17
3,2020-08-31,0,554,900608,0,61.5139994314952,1.38777878078145e-17
3,2020-09-01,0,554,900608,0,61.5139994314952,1.38777878078145e-17
3,2020-09-02,0,554,900608,0,61.5139994314952,1.38777878078145e-17
3,2020-09-03,0,554,900608,0,61.5139994314952,1.38777878078145e-17
3,2020-09-04,0,554,900608,0,61.5139994314952,1.38777878078145e-17
3,2020-09-05,0,554,900608,0,61.5139994314952,1.38777878078145e-17
3,2020-09-06,0,554,900608,0,61.5139994314952,1.38777878078145e-17
3,2020-09-07,0,554,900608,0,61.5139994314952,0.0158623000081215
3,2020-09-08,0,554,900608,0,61.5139994314952,0.0158623000081215
3,2020-09-09,0,554,900608,0,61.5139994314952,0.0158623000081215
3,2020-09-10,1,555,900608,0.11103610005685,61.625035531552,0.031724600016243
3,2020-09-11,0,555,900608,0,61.625035531552,0.031724600016243
3,2020-09-12,0,555,900608,0,61.625035531552,0.031724600016243
3,2020-09-13,1,556,900608,0.11103610005685,61.7360716316089,0.031724600016243
3,2020-09-14,0,556,900608,0,61.7360716316089,0.0158623000081215
3,2020-09-15,0,556,900608,0,61.7360716316089,0.0158623000081215
3,2020-09-16,0,556,900608,0,61.7360716316089,0.0158623000081215
3,2020-09-17,0,556,900608,0,61.7360716316089,1.38777878078145e-17
3,2020-09-18,0,556,900608,0,61.7360716316089,1.38777878078145e-17
3,2020-09-19,0,556,900608,0,61.7360716316089,1.38777878078145e-17
3,2020-09-20,0,556,900608,0,61.7360716316089,1.38777878078145e-17
3,2020-09-21,0,556,900608,0,61.7360716316089,1.38777878078145e-17
3,2020-09-22,0,556,900608,0,61.7360716316089,0.0158623000081215
3,2020-09-23,0,556,900608,0,61.7360716316089,0.0475869000243645
3,2020-09-24,0,556,900608,0,61.7360716316089,0.063449200032486
3,2020-09-25,1,557,900608,0.11103610005685,61.8471077316657,0.063449200032486
3,2020-09-26,2,559,900608,0.222072200113701,62.0691799317794,0.095173800048729
3,2020-09-27,1,560,900608,0.11103610005685,62.1802160318363,0.095173800048729
3,2020-09-28,0,560,900608,0,62.1802160318363,0.095173800048729
3,2020-09-29,2,562,900608,0.222072200113701,62.40228823195,0.095173800048729
3,2020-09-30,0,562,900608,0,62.40228823195,0.095173800048729
3,2020-10-01,0,562,900608,0,62.40228823195,0.095173800048729
3,2020-10-02,1,563,900608,0.11103610005685,62.5133243320068,0.11103610005685
3,2020-10-03,2,565,900608,0.222072200113701,62.7353965321205,0.095173800048729
3,2020-10-04,1,566,900608,0.11103610005685,62.8464326321774,0.095173800048729
3,2020-10-05,1,567,900608,0.11103610005685,62.9574687322342,0.11103610005685
3,2020-10-06,1,568,900608,0.11103610005685,63.0685048322911,0.126898400064972
3,2020-10-07,0,568,900608,0,63.0685048322911,0.126898400064972
3,2020-10-08,1,569,900608,0.11103610005685,63.1795409323479,0.126898400064972
3,2020-10-09,2,571,900608,0.222072200113701,63.4016131324616,0.142760700073093
3,2020-10-10,2,573,900608,0.222072200113701,63.6236853325753,0.126898400064972
3,2020-10-11,1,574,900608,0.11103610005685,63.7347214326322,0.126898400064972
3,2020-10-12,2,576,900608,0.222072200113701,63.9567936327459,0.126898400064972
3,2020-10-13,0,576,900608,0,63.9567936327459,0.126898400064972
3,2020-10-14,0,576,900608,0,63.9567936327459,0.095173800048729
3,2020-10-15,1,577,900608,0.11103610005685,64.0678297328027,0.0793115000406075
3,2020-10-16,2,579,900608,0.222072200113701,64.2899019329164,0.063449200032486
3,2020-10-17,0,579,900608,0,64.2899019329164,0.063449200032486
3,2020-10-18,0,579,900608,0,64.2899019329164,0.095173800048729
3,2020-10-19,1,580,900608,0.11103610005685,64.4009380329733,0.126898400064972
3,2020-10-20,0,580,900608,0,64.4009380329733,0.11103610005685
3,2020-10-21,2,582,900608,0.222072200113701,64.623010233087,0.142760700073093
3,2020-10-22,3,585,900608,0.333108300170551,64.9561185332575,0.174485300089336
3,2020-10-23,1,586,900608,0.11103610005685,65.0671546333144,0.190347600097458
3,2020-10-24,2,588,900608,0.222072200113701,65.2892268334281,0.222072200113701
3,2020-10-25,2,590,900608,0.222072200113701,65.5112990335418,0.253796800129944
3,2020-10-26,2,592,900608,0.222072200113701,65.7333712336555,0.253796800129944
3,2020-10-27,2,594,900608,0.222072200113701,65.9554434337692,0.269659100138065
3,2020-10-28,4,598,900608,0.444144400227402,66.3995878339966,0.301383700154308
3,2020-10-29,3,601,900608,0.333108300170551,66.7326961341671,0.301383700154308
3,2020-10-30,2,603,900608,0.222072200113701,66.9547683342808,0.31724600016243
3,2020-10-31,4,607,900608,0.444144400227402,67.3989127345082,0.333108300170551
3,2020-11-01,2,609,900608,0.222072200113701,67.6209849346219,0.333108300170551
3,2020-11-02,3,612,900608,0.333108300170551,67.9540932347925,0.31724600016243
3,2020-11-03,3,615,900608,0.333108300170551,68.287201534963,0.31724600016243
3,2020-11-04,4,619,900608,0.444144400227402,68.7313459351904,0.396557500203037
3,2020-11-05,2,621,900608,0.222072200113701,68.9534181353041,0.42828210021928
3,2020-11-06,2,623,900608,0.222072200113701,69.1754903354178,0.460006700235523
3,2020-11-07,9,632,900608,0.999324900511654,70.1748152359295,0.507593600259888
3,2020-11-08,4,636,900608,0.444144400227402,70.6189596361569,0.507593600259888
3,2020-11-09,5,641,900608,0.555180500284252,71.1741401364412,0.555180500284252
3,2020-11-10,6,647,900608,0.666216600341103,71.8403567367823,0.618629700316738
3,2020-11-11,4,651,900608,0.444144400227402,72.2845011370097,0.571042800292374
3,2020-11-12,5,656,900608,0.555180500284252,72.8396816372939,0.523455900268009
3,2020-11-13,6,662,900608,0.666216600341103,73.505898237635,0.571042800292374
3,2020-11-14,6,668,900608,0.666216600341103,74.1721148379761,0.507593600259888
3,2020-11-15,1,669,900608,0.11103610005685,74.283150938033,0.491731300251766
3,2020-11-16,8,677,900608,0.888288800454804,75.1714397384878,0.491731300251766
3,2020-11-17,2,679,900608,0.222072200113701,75.3935119386015,0.460006700235523
3,2020-11-18,3,682,900608,0.333108300170551,75.726620238772,0.42828210021928
3,2020-11-19,5,687,900608,0.555180500284252,76.2818007390563,0.475869000243645
3,2020-11-20,4,691,900608,0.444144400227402,76.7259451392837,0.42828210021928
3,2020-11-21,4,695,900608,0.444144400227402,77.1700895395111,0.475869000243645
3,2020-11-22,4,699,900608,0.444144400227402,77.6142339397385,0.507593600259888
3,2020-11-23,5,704,900608,0.555180500284252,78.1694144400227,0.460006700235523
3,2020-11-24,5,709,900608,0.555180500284252,78.724594940307,0.491731300251766
3,2020-11-25,5,714,900608,0.555180500284252,79.2797754405913,0.475869000243645
3,2020-11-26,2,716,900608,0.222072200113701,79.5018476407049,0.460006700235523
3,2020-11-27,6,722,900608,0.666216600341103,80.1680642410461,0.444144400227402
3,2020-11-28,3,725,900608,0.333108300170551,80.5011725412166,0.507593600259888
3,2020-11-29,3,728,900608,0.333108300170551,80.8342808413872,0.491731300251766
3,2020-11-30,4,732,900608,0.444144400227402,81.2784252416145,0.491731300251766
3,2020-12-01,9,741,900608,0.999324900511654,82.2777501421262,0.444144400227402
3,2020-12-02,4,745,900608,0.444144400227402,82.7218945423536,0.460006700235523
3,2020-12-03,2,747,900608,0.222072200113701,82.9439667424673,0.460006700235523
3,2020-12-04,3,750,900608,0.333108300170551,83.2770750426379,0.444144400227402
3,2020-12-05,4,754,900608,0.444144400227402,83.7212194428653,0.412419800211159
3,2020-12-06,3,757,900608,0.333108300170551,84.0543277430358,0.380695200194916
3,2020-12-07,3,760,900608,0.333108300170551,84.3874360432064,0.412419800211159
3,2020-12-08,7,767,900608,0.777252700397953,85.1646887436043,0.460006700235523
3,2020-12-09,2,769,900608,0.222072200113701,85.386760943718,0.507593600259888
3,2020-12-10,4,773,900608,0.444144400227402,85.8309053439454,0.555180500284252
3,2020-12-11,6,779,900608,0.666216600341103,86.4971219442865,0.666216600341103
3,2020-12-12,7,786,900608,0.777252700397953,87.2743746446845,0.713803500365467
3,2020-12-13,6,792,900608,0.666216600341103,87.9405912450256,0.74552810038171
3,2020-12-14,10,802,900608,1.1103610005685,89.0509522455941,0.761390400389832
3,2020-12-15,10,812,900608,1.1103610005685,90.1613132461626,0.729665800373589
3,2020-12-16,4,816,900608,0.444144400227402,90.60545764639,0.793115000406075
3,2020-12-17,5,821,900608,0.555180500284252,91.1606381466742,0.808977300414196
3,2020-12-18,4,825,900608,0.444144400227402,91.6047825469016,0.808977300414196
3,2020-12-19,11,836,900608,1.22139710062536,92.826179647527,0.840701900430439
3,2020-12-20,7,843,900608,0.777252700397953,93.603432347925,0.999324900511654
3,2020-12-21,10,853,900608,1.1103610005685,94.7137933484935,1.1103610005685
3,2020-12-22,12,865,900608,1.33243320068221,96.0462265491757,1.15794790059287
3,2020-12-23,14,879,900608,1.55450540079591,97.6007319499716,1.1103610005685
3,2020-12-24,12,891,900608,1.33243320068221,98.9331651506538,1.17381020060099
3,2020-12-25,7,898,900608,0.777252700397953,99.7104178510517,1.07863640055226
3,2020-12-26,8,906,900608,0.888288800454804,100.598706651507,1.09449870056038
3,2020-12-27,11,917,900608,1.22139710062536,101.820103752132,1.0310495005279
3,2020-12-28,4,921,900608,0.444144400227402,102.264248152359,1.01518720051978
3,2020-12-29,13,934,900608,1.44346930073906,103.707717453098,0.999324900511654
3,2020-12-30,10,944,900608,1.1103610005685,104.818078453667,0.967600300495411
3,2020-12-31,11,955,900608,1.22139710062536,106.039475554292,0.935875700479168
3,2021-01-01,6,961,900608,0.666216600341103,106.705692154633,0.983462600503533
3,2021-01-02,6,967,900608,0.666216600341103,107.371908754974,0.920013400471047
3,2021-01-03,9,976,900608,0.999324900511654,108.371233655486,0.872426500446682
3,2021-01-04,7,983,900608,0.777252700397953,109.148486355884,0.856564200438561
3,2021-01-05,9,992,900608,0.999324900511654,110.147811256396,0.824839600422318
3,2021-01-06,7,999,900608,0.777252700397953,110.925063956794,0.856564200438561
3,2021-01-07,10,1009,900608,1.1103610005685,112.035424957362,0.824839600422318
3,2021-01-08,4,1013,900608,0.444144400227402,112.47956935759,0.824839600422318
3,2021-01-09,8,1021,900608,0.888288800454804,113.367858158044,0.761390400389832
3,2021-01-10,7,1028,900608,0.777252700397953,114.145110858442,0.808977300414196
3,2021-01-11,7,1035,900608,0.777252700397953,114.92236355884,0.74552810038171
3,2021-01-12,5,1040,900608,0.555180500284252,115.477544059124,0.777252700397953
3,2021-01-13,10,1050,900608,1.1103610005685,116.587905059693,0.761390400389832
3,2021-01-14,6,1056,900608,0.666216600341103,117.254121660034,0.777252700397953
3,2021-01-15,6,1062,900608,0.666216600341103,117.920338260375,0.713803500365467
3,2021-01-16,7,1069,900608,0.777252700397953,118.697590960773,0.777252700397953
3,2021-01-17,8,1077,900608,0.888288800454804,119.585879761228,0.666216600341103
3,2021-01-18,3,1080,900608,0.333108300170551,119.918988061399,0.697941200357346
3,2021-01-19,9,1089,900608,0.999324900511654,120.91831296191,0.666216600341103
3,2021-01-20,3,1092,900608,0.333108300170551,121.251421262081,0.63449200032486
3,2021-01-21,8,1100,900608,0.888288800454804,122.139710062536,0.555180500284252
3,2021-01-22,4,1104,900608,0.444144400227402,122.583854462763,NA
3,2021-01-23,5,1109,900608,0.555180500284252,123.139034963047,NA
3,2021-01-24,3,1112,900608,0.333108300170551,123.472143263218,NA
