"d_essential_rank_tert","CASE_REPORTED_DATE_UPDATE","total_new_case","total_cum_case","Population","total_new_case100k","total_cum_caseper100k","rolling_newcases_100k"
1,2020-01-23,2,2,901839,0.22176907408085,0.22176907408085,NA
1,2020-01-24,0,2,901839,0,0.22176907408085,NA
1,2020-01-25,0,2,901839,0,0.22176907408085,NA
1,2020-01-26,0,2,901839,0,0.22176907408085,0.0316812962972643
1,2020-01-27,0,2,901839,0,0.22176907408085,0
1,2020-01-28,0,2,901839,0,0.22176907408085,0
1,2020-01-29,0,2,901839,0,0.22176907408085,0
1,2020-01-30,0,2,901839,0,0.22176907408085,0
1,2020-01-31,0,2,901839,0,0.22176907408085,0
1,2020-02-01,0,2,901839,0,0.22176907408085,0
1,2020-02-02,0,2,901839,0,0.22176907408085,0
1,2020-02-03,0,2,901839,0,0.22176907408085,0
1,2020-02-04,0,2,901839,0,0.22176907408085,0
1,2020-02-05,0,2,901839,0,0.22176907408085,0
1,2020-02-06,0,2,901839,0,0.22176907408085,0
1,2020-02-07,0,2,901839,0,0.22176907408085,0
1,2020-02-08,0,2,901839,0,0.22176907408085,0
1,2020-02-09,0,2,901839,0,0.22176907408085,0
1,2020-02-10,0,2,901839,0,0.22176907408085,0
1,2020-02-11,0,2,901839,0,0.22176907408085,0
1,2020-02-12,0,2,901839,0,0.22176907408085,0
1,2020-02-13,0,2,901839,0,0.22176907408085,0
1,2020-02-14,0,2,901839,0,0.22176907408085,0
1,2020-02-15,0,2,901839,0,0.22176907408085,0
1,2020-02-16,0,2,901839,0,0.22176907408085,0
1,2020-02-17,0,2,901839,0,0.22176907408085,0
1,2020-02-18,0,2,901839,0,0.22176907408085,0
1,2020-02-19,0,2,901839,0,0.22176907408085,0
1,2020-02-20,0,2,901839,0,0.22176907408085,0
1,2020-02-21,0,2,901839,0,0.22176907408085,0
1,2020-02-22,0,2,901839,0,0.22176907408085,0.0158406481486322
1,2020-02-23,0,2,901839,0,0.22176907408085,0.0316812962972643
1,2020-02-24,0,2,901839,0,0.22176907408085,0.0316812962972643
1,2020-02-25,1,3,901839,0.110884537040425,0.332653611121276,0.0316812962972643
1,2020-02-26,1,4,901839,0.110884537040425,0.443538148161701,0.0475219444458965
1,2020-02-27,0,4,901839,0,0.443538148161701,0.0633625925945287
1,2020-02-28,0,4,901839,0,0.443538148161701,0.0633625925945287
1,2020-02-29,1,5,901839,0.110884537040425,0.554422685202126,0.0475219444458965
1,2020-03-01,1,6,901839,0.110884537040425,0.665307222242551,0.0475219444458965
1,2020-03-02,0,6,901839,0,0.665307222242551,0.0792032407431608
1,2020-03-03,0,6,901839,0,0.665307222242551,0.0792032407431608
1,2020-03-04,1,7,901839,0.110884537040425,0.776191759282976,0.095043888891793
1,2020-03-05,2,9,901839,0.22176907408085,0.997960833363827,0.0792032407431608
1,2020-03-06,0,9,901839,0,0.997960833363827,0.110884537040425
1,2020-03-07,2,11,901839,0.22176907408085,1.21972990744468,0.174247129634954
1,2020-03-08,0,11,901839,0,1.21972990744468,0.269291018526747
1,2020-03-09,2,13,901839,0.22176907408085,1.44149898152553,0.506900740756229
1,2020-03-10,4,17,901839,0.443538148161701,1.88503712968723,0.601944629648022
1,2020-03-11,7,24,901839,0.776191759282976,2.6612288889702,0.601944629648022
1,2020-03-12,17,41,901839,1.88503712968723,4.54626601865743,0.776191759282976
1,2020-03-13,6,47,901839,0.665307222242551,5.21157324089998,0.887076296323401
1,2020-03-14,2,49,901839,0.22176907408085,5.43334231498083,1.01380148151246
1,2020-03-15,11,60,901839,1.21972990744468,6.65307222242551,1.07716407410699
1,2020-03-16,9,69,901839,0.997960833363827,7.65103305578934,1.07716407410699
1,2020-03-17,12,81,901839,1.3306144444851,8.98164750027444,1.3306144444851
1,2020-03-18,11,92,901839,1.21972990744468,10.2013774077191,1.36229574078237
1,2020-03-19,17,109,901839,1.88503712968723,12.0864145374063,1.48902092597142
1,2020-03-20,22,131,901839,2.43945981488935,14.5258743522957,1.63158675930911
1,2020-03-21,4,135,901839,0.443538148161701,14.9694125004574,1.74247129634954
1,2020-03-22,19,154,901839,2.10680620376808,17.0762187042255,1.75831194449817
1,2020-03-23,18,172,901839,1.99592166672765,19.0721403709531,2.29689398155166
1,2020-03-24,19,191,901839,2.10680620376808,21.1789465747212,2.55034435192978
1,2020-03-25,12,203,901839,1.3306144444851,22.5095610192063,2.56618500007841
1,2020-03-26,51,254,901839,5.65511138906168,28.164672408268,2.39193787044346
1,2020-03-27,38,292,901839,4.21361240753616,32.3782848158042,2.47114111118662
1,2020-03-28,5,297,901839,0.554422685202126,32.9327075010063,2.47114111118662
1,2020-03-29,8,305,901839,0.887076296323401,33.8197837973297,2.59786629637568
1,2020-03-30,23,328,901839,2.55034435192978,36.3701281492595,1.94839972228176
1,2020-03-31,19,347,901839,2.10680620376808,38.4769343530275,1.71079000005227
1,2020-04-01,20,367,901839,2.2176907408085,40.694625093836,2.02760296302492
1,2020-04-02,10,377,901839,1.10884537040425,41.8034704642403,2.01176231487629
1,2020-04-03,23,400,901839,2.55034435192978,44.3538148161701,1.93255907413312
1,2020-04-04,25,425,901839,2.77211342601063,47.1259282421807,1.94839972228176
1,2020-04-05,7,432,901839,0.776191759282976,47.9021200014637,1.90087777783586
1,2020-04-06,18,450,901839,1.99592166672765,49.8980416681913,2.05928425932218
1,2020-04-07,20,470,901839,2.2176907408085,52.1157324089998,1.8691964815386
1,2020-04-08,17,487,901839,1.88503712968723,54.0007695386871,1.74247129634954
1,2020-04-09,20,507,901839,2.2176907408085,56.2184602794956,1.88503712968723
1,2020-04-10,11,518,901839,1.21972990744468,57.4381901869402,1.98008101857902
1,2020-04-11,17,535,901839,1.88503712968723,59.3232273166275,1.91671842598449
1,2020-04-12,16,551,901839,1.7741525926468,61.0973799092743,2.42361916674072
1,2020-04-13,24,575,901839,2.6612288889702,63.7586087982445,2.58202564822704
1,2020-04-14,16,591,901839,1.7741525926468,65.5327613908913,2.74043212971337
1,2020-04-15,49,640,901839,5.43334231498083,70.9661037058721,2.69291018526747
1,2020-04-16,30,670,901839,3.32653611121276,74.2926398170849,2.72459148156473
1,2020-04-17,21,691,901839,2.32857527784893,76.6212150949338,2.6612288889702
1,2020-04-18,14,705,901839,1.55238351856595,78.1735986134997,2.93051990749695
1,2020-04-19,18,723,901839,1.99592166672765,80.1695202802274,2.47114111118662
1,2020-04-20,20,743,901839,2.2176907408085,82.3872110210359,2.24937203710577
1,2020-04-21,33,776,901839,3.65918972233403,86.0464007433699,2.3127346297003
1,2020-04-22,20,796,901839,2.2176907408085,88.2640914841784,2.32857527784893
1,2020-04-23,16,812,901839,1.7741525926468,90.0382440768252,2.24937203710577
1,2020-04-24,25,837,901839,2.77211342601063,92.8103575028359,2.17016879636261
1,2020-04-25,15,852,901839,1.66326805560638,94.4736255584423,2.02760296302492
1,2020-04-26,13,865,901839,1.44149898152553,95.9151245399678,1.8216745370927
1,2020-04-27,15,880,901839,1.66326805560638,97.5783925955742,1.90087777783586
1,2020-04-28,24,904,901839,2.6612288889702,100.239621484544,1.75831194449817
1,2020-04-29,7,911,901839,0.776191759282976,101.015813243827,1.83751518524133
1,2020-04-30,21,932,901839,2.32857527784893,103.344388521676,1.80583388894407
1,2020-05-01,16,948,901839,1.7741525926468,105.118541114323,1.83751518524133
1,2020-05-02,20,968,901839,2.2176907408085,107.336231855132,1.7741525926468
1,2020-05-03,11,979,901839,1.21972990744468,108.555961762576,1.91671842598449
1,2020-05-04,17,996,901839,1.88503712968723,110.440998892263,1.80583388894407
1,2020-05-05,20,1016,901839,2.2176907408085,112.658689633072,1.98008101857902
1,2020-05-06,16,1032,901839,1.7741525926468,114.432842225719,1.96424037043039
1,2020-05-07,14,1046,901839,1.55238351856595,115.985225744285,1.90087777783586
1,2020-05-08,27,1073,901839,2.99388250009148,118.979108244376,1.78999324079543
1,2020-05-09,19,1092,901839,2.10680620376808,121.085914448144,1.53654287041732
1,2020-05-10,7,1099,901839,0.776191759282976,121.862106207427,1.53654287041732
1,2020-05-11,10,1109,901839,1.10884537040425,122.970951577832,1.47318027782279
1,2020-05-12,4,1113,901839,0.443538148161701,123.414489725993,1.14052666670152
1,2020-05-13,16,1129,901839,1.7741525926468,125.18864231864,0.982120185215194
1,2020-05-14,10,1139,901839,1.10884537040425,126.297487689044,0.997960833363827
1,2020-05-15,6,1145,901839,0.665307222242551,126.962794911287,1.02964212966109
1,2020-05-16,9,1154,901839,0.997960833363827,127.960755744651,1.4256583333769
1,2020-05-17,8,1162,901839,0.887076296323401,128.847832040974,1.56822416671458
1,2020-05-18,12,1174,901839,1.3306144444851,130.178446485459,1.56822416671458
1,2020-05-19,29,1203,901839,3.21565157417233,133.394098059631,1.66326805560638
1,2020-05-20,25,1228,901839,2.77211342601063,136.166211485642,1.78999324079543
1,2020-05-21,10,1238,901839,1.10884537040425,137.275056856046,1.8691964815386
1,2020-05-22,12,1250,901839,1.3306144444851,138.605671300531,1.91671842598449
1,2020-05-23,17,1267,901839,1.88503712968723,140.490708430219,1.61574611116048
1,2020-05-24,13,1280,901839,1.44149898152553,141.932207411744,1.39397703707963
1,2020-05-25,15,1295,901839,1.66326805560638,143.595475467351,1.45733962967416
1,2020-05-26,10,1305,901839,1.10884537040425,144.704320837755,1.59990546301185
1,2020-05-27,11,1316,901839,1.21972990744468,145.9240507452,1.56822416671458
1,2020-05-28,14,1330,901839,1.55238351856595,147.476434263765,1.53654287041732
1,2020-05-29,21,1351,901839,2.32857527784893,149.805009541614,1.50486157412006
1,2020-05-30,15,1366,901839,1.66326805560638,151.468277597221,1.55238351856595
1,2020-05-31,11,1377,901839,1.21972990744468,152.688007504665,1.61574611116048
1,2020-06-01,13,1390,901839,1.44149898152553,154.129506486191,1.63158675930911
1,2020-06-02,13,1403,901839,1.44149898152553,155.571005467717,1.63158675930911
1,2020-06-03,15,1418,901839,1.66326805560638,157.234273523323,1.59990546301185
1,2020-06-04,15,1433,901839,1.66326805560638,158.897541578929,1.56822416671458
1,2020-06-05,21,1454,901839,2.32857527784893,161.226116856778,1.50486157412006
1,2020-06-06,13,1467,901839,1.44149898152553,162.667615838304,1.4256583333769
1,2020-06-07,9,1476,901839,0.997960833363827,163.665576671668,1.20388925929604
1,2020-06-08,9,1485,901839,0.997960833363827,164.663537505031,1.04548277780972
1,2020-06-09,8,1493,901839,0.887076296323401,165.550613801355,0.776191759282976
1,2020-06-10,1,1494,901839,0.110884537040425,165.661498338395,0.681147870391183
1,2020-06-11,5,1499,901839,0.554422685202126,166.215921023597,0.633625925945287
1,2020-06-12,4,1503,901839,0.443538148161701,166.659459171759,0.58610398149939
1,2020-06-13,7,1510,901839,0.776191759282976,167.435650931042,0.58610398149939
1,2020-06-14,6,1516,901839,0.665307222242551,168.100958153285,0.72866981483708
1,2020-06-15,6,1522,901839,0.665307222242551,168.766265375527,0.72866981483708
1,2020-06-16,8,1530,901839,0.887076296323401,169.653341671851,0.712829166688447
1,2020-06-17,10,1540,901839,1.10884537040425,170.762187042255,0.696988518539815
1,2020-06-18,5,1545,901839,0.554422685202126,171.316609727457,0.633625925945287
1,2020-06-19,3,1548,901839,0.332653611121276,171.649263338578,0.601944629648022
1,2020-06-20,6,1554,901839,0.665307222242551,172.314570560821,0.58610398149939
1,2020-06-21,2,1556,901839,0.22176907408085,172.536339634902,0.522741388904861
1,2020-06-22,4,1560,901839,0.443538148161701,172.979877783063,0.570263333350758
1,2020-06-23,7,1567,901839,0.776191759282976,173.756069542346,0.665307222242551
1,2020-06-24,6,1573,901839,0.665307222242551,174.421376764589,0.760351111134344
1,2020-06-25,8,1581,901839,0.887076296323401,175.308453060912,0.776191759282976
1,2020-06-26,9,1590,901839,0.997960833363827,176.306413894276,0.792032407431608
1,2020-06-27,12,1602,901839,1.3306144444851,177.637028338761,0.80787305558024
1,2020-06-28,3,1605,901839,0.332653611121276,177.969681949882,0.80787305558024
1,2020-06-29,5,1610,901839,0.554422685202126,178.524104635085,0.776191759282976
1,2020-06-30,8,1618,901839,0.887076296323401,179.411180931408,0.72866981483708
1,2020-07-01,6,1624,901839,0.665307222242551,180.07648815365,0.570263333350758
1,2020-07-02,6,1630,901839,0.665307222242551,180.741795375893,0.617785277796654
1,2020-07-03,6,1636,901839,0.665307222242551,181.407102598136,0.617785277796654
1,2020-07-04,2,1638,901839,0.22176907408085,181.628871672216,0.58610398149939
1,2020-07-05,6,1644,901839,0.665307222242551,182.294178894459,0.570263333350758
1,2020-07-06,5,1649,901839,0.554422685202126,182.848601579661,0.522741388904861
1,2020-07-07,6,1655,901839,0.665307222242551,183.513908801904,0.506900740756229
1,2020-07-08,5,1660,901839,0.554422685202126,184.068331487106,0.522741388904861
1,2020-07-09,3,1663,901839,0.332653611121276,184.400985098227,0.506900740756229
1,2020-07-10,5,1668,901839,0.554422685202126,184.955407783429,0.491060092607597
1,2020-07-11,3,1671,901839,0.332653611121276,185.28806139455,0.459378796310333
1,2020-07-12,5,1676,901839,0.554422685202126,185.842484079753,0.427697500013068
1,2020-07-13,4,1680,901839,0.443538148161701,186.286022227914,0.554422685202126
1,2020-07-14,4,1684,901839,0.443538148161701,186.729560376076,0.538582037053494
1,2020-07-15,3,1687,901839,0.332653611121276,187.062213987197,0.554422685202126
1,2020-07-16,11,1698,901839,1.21972990744468,188.281943894642,0.491060092607597
1,2020-07-17,4,1702,901839,0.443538148161701,188.725482042804,0.522741388904861
1,2020-07-18,4,1706,901839,0.443538148161701,189.169020190965,0.538582037053494
1,2020-07-19,1,1707,901839,0.110884537040425,189.279904728006,0.522741388904861
1,2020-07-20,6,1713,901839,0.665307222242551,189.945211950248,0.491060092607597
1,2020-07-21,5,1718,901839,0.554422685202126,190.49963463545,0.58610398149939
1,2020-07-22,2,1720,901839,0.22176907408085,190.721403709531,0.617785277796654
1,2020-07-23,9,1729,901839,0.997960833363827,191.719364542895,0.633625925945287
1,2020-07-24,10,1739,901839,1.10884537040425,192.828209913299,0.538582037053494
1,2020-07-25,6,1745,901839,0.665307222242551,193.493517135542,0.475219444458965
1,2020-07-26,2,1747,901839,0.22176907408085,193.715286209623,0.491060092607597
1,2020-07-27,0,1747,901839,0,193.715286209623,0.380175555567172
1,2020-07-28,1,1748,901839,0.110884537040425,193.826170746663,0.285131666675379
1,2020-07-29,3,1751,901839,0.332653611121276,194.158824357784,0.253450370378115
1,2020-07-30,2,1753,901839,0.22176907408085,194.380593431865,0.237609722229482
1,2020-07-31,4,1757,901839,0.443538148161701,194.824131580027,0.269291018526747
1,2020-08-01,4,1761,901839,0.443538148161701,195.267669728189,0.285131666675379
1,2020-08-02,1,1762,901839,0.110884537040425,195.378554265229,0.316812962972643
1,2020-08-03,2,1764,901839,0.22176907408085,195.60032333931,0.380175555567172
1,2020-08-04,2,1766,901839,0.22176907408085,195.822092413391,0.396016203715804
1,2020-08-05,5,1771,901839,0.554422685202126,196.376515098593,0.396016203715804
1,2020-08-06,6,1777,901839,0.665307222242551,197.041822320836,0.396016203715804
1,2020-08-07,5,1782,901839,0.554422685202126,197.596245006038,0.411856851864436
1,2020-08-08,4,1786,901839,0.443538148161701,198.039783154199,0.427697500013068
1,2020-08-09,1,1787,901839,0.110884537040425,198.15066769124,0.411856851864436
1,2020-08-10,3,1790,901839,0.332653611121276,198.483321302361,0.443538148161701
1,2020-08-11,3,1793,901839,0.332653611121276,198.815974913482,0.475219444458965
1,2020-08-12,4,1797,901839,0.443538148161701,199.259513061644,0.443538148161701
1,2020-08-13,8,1805,901839,0.887076296323401,200.146589357967,0.459378796310333
1,2020-08-14,7,1812,901839,0.776191759282976,200.92278111725,0.459378796310333
1,2020-08-15,2,1814,901839,0.22176907408085,201.144550191331,0.522741388904861
1,2020-08-16,2,1816,901839,0.22176907408085,201.366319265412,0.506900740756229
1,2020-08-17,3,1819,901839,0.332653611121276,201.698972876533,0.475219444458965
1,2020-08-18,7,1826,901839,0.776191759282976,202.475164635816,0.396016203715804
1,2020-08-19,3,1829,901839,0.332653611121276,202.807818246938,0.427697500013068
1,2020-08-20,6,1835,901839,0.665307222242551,203.47312546918,0.506900740756229
1,2020-08-21,2,1837,901839,0.22176907408085,203.694894543261,0.554422685202126
1,2020-08-22,4,1841,901839,0.443538148161701,204.138432691423,0.522741388904861
1,2020-08-23,7,1848,901839,0.776191759282976,204.914624450706,0.538582037053494
1,2020-08-24,6,1854,901839,0.665307222242551,205.579931672948,0.538582037053494
1,2020-08-25,5,1859,901839,0.554422685202126,206.13435435815,0.570263333350758
1,2020-08-26,4,1863,901839,0.443538148161701,206.577892506312,0.712829166688447
1,2020-08-27,6,1869,901839,0.665307222242551,207.243199728555,0.617785277796654
1,2020-08-28,4,1873,901839,0.443538148161701,207.686737876716,0.617785277796654
1,2020-08-29,13,1886,901839,1.44149898152553,209.128236858242,0.681147870391183
1,2020-08-30,1,1887,901839,0.110884537040425,209.239121395282,0.744510462985712
1,2020-08-31,6,1893,901839,0.665307222242551,209.904428617525,0.80787305558024
1,2020-09-01,9,1902,901839,0.997960833363827,210.902389450889,0.887076296323401
1,2020-09-02,8,1910,901839,0.887076296323401,211.789465747212,0.792032407431608
1,2020-09-03,10,1920,901839,1.10884537040425,212.898311117616,0.871235648174769
1,2020-09-04,9,1929,901839,0.997960833363827,213.89627195098,0.997960833363827
1,2020-09-05,7,1936,901839,0.776191759282976,214.672463710263,1.12468601855288
1,2020-09-06,6,1942,901839,0.665307222242551,215.337770932506,1.28309250003921
1,2020-09-07,14,1956,901839,1.55238351856595,216.890154451072,1.44149898152553
1,2020-09-08,17,1973,901839,1.88503712968723,218.775191580759,1.58406481486322
1,2020-09-09,18,1991,901839,1.99592166672765,220.771113247487,1.96424037043039
1,2020-09-10,20,2011,901839,2.2176907408085,222.988803988295,2.17016879636261
1,2020-09-11,18,2029,901839,1.99592166672765,224.984725655023,2.24937203710577
1,2020-09-12,31,2060,901839,3.43742064825318,228.422146303276,2.61370694452431
1,2020-09-13,19,2079,901839,2.10680620376808,230.528952507044,2.67706953711884
1,2020-09-14,19,2098,901839,2.10680620376808,232.635758710812,2.99388250009148
1,2020-09-15,40,2138,901839,4.43538148161701,237.071140192429,3.31069546306412
1,2020-09-16,22,2160,901839,2.43945981488935,239.510600007318,3.70671166677993
1,2020-09-17,40,2200,901839,4.43538148161701,243.945981488935,3.80175555567172
1,2020-09-18,38,2238,901839,4.21361240753616,248.159593896472,4.02352462975257
1,2020-09-19,56,2294,901839,6.20953407426381,254.369127970735,3.99184333345531
1,2020-09-20,25,2319,901839,2.77211342601063,257.141241396746,4.5779473149547
1,2020-09-21,33,2352,901839,3.65918972233403,260.80043111908,4.83139768533281
1,2020-09-22,38,2390,901839,4.21361240753616,265.014043526616,5.19573259275135
1,2020-09-23,59,2449,901839,6.54218768538508,271.556231212001,5.32245777794041
1,2020-09-24,56,2505,901839,6.20953407426381,277.765765286265,5.68679268535895
1,2020-09-25,61,2566,901839,6.76395675946594,284.529722045731,6.16201212981791
1,2020-09-26,64,2630,901839,7.09661037058721,291.626332416318,6.77979740761457
1,2020-09-27,48,2678,901839,5.32245777794041,296.948790194259,7.14413231503311
1,2020-09-28,63,2741,901839,6.98572583354679,303.934516027805,7.03324777799268
1,2020-09-29,77,2818,901839,8.53810935211274,312.472625379918,7.15997296318174
1,2020-09-30,82,2900,901839,9.09253203731486,321.565157417233,7.191654259479
1,2020-10-01,49,2949,901839,5.43334231498083,326.998499732214,7.30253879651943
1,2020-10-02,69,3018,901839,7.65103305578934,334.649532788003,6.90652259280363
1,2020-10-03,66,3084,901839,7.31837944466806,341.967912232671,6.51050638908782
1,2020-10-04,55,3139,901839,6.09864953722338,348.066561769895,6.25705601870971
1,2020-10-05,38,3177,901839,4.21361240753616,352.280174177431,6.41546250019603
1,2020-10-06,52,3229,901839,5.76599592610211,358.046170103533,6.43130314834466
1,2020-10-07,66,3295,901839,7.31837944466806,365.364549548201,6.25705601870971
1,2020-10-08,59,3354,901839,6.54218768538508,371.906737233586,6.41546250019603
1,2020-10-09,70,3424,901839,7.76191759282976,379.668654826416,6.28873731500697
1,2020-10-10,55,3479,901839,6.09864953722338,385.767304363639,6.46298444464192
1,2020-10-11,65,3544,901839,7.20749490762764,392.974799271267,6.43130314834466
1,2020-10-12,30,3574,901839,3.32653611121276,396.30133538248,6.49466574093919
1,2020-10-13,63,3637,901839,6.98572583354679,403.287061216026,5.94024305573706
1,2020-10-14,64,3701,901839,7.09661037058721,410.383671586614,5.68679268535895
1,2020-10-15,63,3764,901839,6.98572583354679,417.36939742016,5.29077648164314
1,2020-10-16,35,3799,901839,3.88095879641488,421.250356216575,5.40166101868357
1,2020-10-17,39,3838,901839,4.32449694457658,425.574853161152,5.40166101868357
1,2020-10-18,40,3878,901839,4.43538148161701,430.010234642769,4.95812287052187
1,2020-10-19,37,3915,901839,4.10272787049573,434.112962513265,4.65715055569786
1,2020-10-20,63,3978,901839,6.98572583354679,441.098688346811,4.79971638903555
1,2020-10-21,36,4014,901839,3.99184333345531,445.090531680267,4.75219444458965
1,2020-10-22,44,4058,901839,4.87891962977871,449.969451310045,4.72051314829239
1,2020-10-23,44,4102,901839,4.87891962977871,454.848370939824,4.9264415742246
1,2020-10-24,36,4138,901839,3.99184333345531,458.840214273279,4.5304253705088
1,2020-10-25,38,4176,901839,4.21361240753616,463.053826680816,4.41954083346837
1,2020-10-26,50,4226,901839,5.54422685202126,468.598053532837,4.38785953717111
1,2020-10-27,38,4264,901839,4.21361240753616,472.811665940373,4.32449694457658
1,2020-10-28,29,4293,901839,3.21565157417233,476.027317514545,4.49874407421154
1,2020-10-29,42,4335,901839,4.65715055569786,480.684468070243,4.65715055569786
1,2020-10-30,40,4375,901839,4.43538148161701,485.11984955186,4.46706277791427
1,2020-10-31,47,4422,901839,5.21157324089998,490.33142279276,4.27697500013068
1,2020-11-01,48,4470,901839,5.32245777794041,495.653880570701,4.26113435198205
1,2020-11-02,38,4508,901839,4.21361240753616,499.867492978237,4.4829034260629
1,2020-11-03,26,4534,901839,2.88299796305105,502.750490941288,4.4829034260629
1,2020-11-04,28,4562,901839,3.1047670371319,505.85525797842,4.34033759272521
1,2020-11-05,56,4618,901839,6.20953407426381,512.064792052683,4.32449694457658
1,2020-11-06,40,4658,901839,4.43538148161701,516.500173534301,4.5779473149547
1,2020-11-07,38,4696,901839,4.21361240753616,520.713785941837,5.10068870385956
1,2020-11-08,47,4743,901839,5.21157324089998,525.925359182737,5.33829842608904
1,2020-11-09,54,4797,901839,5.98776500018296,531.91312418292,5.25909518534588
1,2020-11-10,59,4856,901839,6.54218768538508,538.455311868305,5.4175016668322
1,2020-11-11,43,4899,901839,4.76803509273828,543.223346961043,5.82935851869664
1,2020-11-12,51,4950,901839,5.65511138906168,548.878458350105,5.9085617594398
1,2020-11-13,50,5000,901839,5.54422685202126,554.422685202126,6.11449018537202
1,2020-11-14,64,5064,901839,7.09661037058721,561.519295572713,5.9085617594398
1,2020-11-15,52,5116,901839,5.76599592610211,567.285291498815,6.22537472241244
1,2020-11-16,67,5183,901839,7.42926398170849,574.714555480524,6.33625925945287
1,2020-11-17,46,5229,901839,5.10068870385956,579.815244184383,6.44714379649329
1,2020-11-18,63,5292,901839,6.98572583354679,586.80097001793,6.51050638908782
1,2020-11-19,58,5350,901839,6.43130314834466,593.232273166275,6.70059416687141
1,2020-11-20,57,5407,901839,6.32041861130423,599.552691777579,6.57386898168235
1,2020-11-21,68,5475,901839,7.54014851874891,607.092840296328,6.57386898168235
1,2020-11-22,64,5539,901839,7.09661037058721,614.189450666915,6.47882509279056
1,2020-11-23,59,5598,901839,6.54218768538508,620.7316383523,6.7956380557632
1,2020-11-24,46,5644,901839,5.10068870385956,625.83232705616,6.96988518539815
1,2020-11-25,57,5701,901839,6.32041861130423,632.152745667464,6.70059416687141
1,2020-11-26,78,5779,901839,8.64899388915316,640.801739556617,7.20749490762764
1,2020-11-27,68,5847,901839,7.54014851874891,648.341888075366,7.46094527800575
1,2020-11-28,51,5898,901839,5.65511138906168,653.996999464428,7.54014851874891
1,2020-11-29,96,5994,901839,10.6449155558808,664.641915020308,7.96784601876198
1,2020-11-30,75,6069,901839,8.31634027803189,672.95825529834,8.14209314839693
1,2020-12-01,51,6120,901839,5.65511138906168,678.613366687402,8.44306546322094
1,2020-12-02,84,6204,901839,9.31430111139571,687.927667798798,9.26677916694982
1,2020-12-03,89,6293,901839,9.86872379659784,697.796391595396,8.74403777804496
1,2020-12-04,87,6380,901839,9.64695472251699,707.443346317913,8.83908166693675
1,2020-12-05,103,6483,901839,11.4211073151638,718.864453633076,9.07669138916623
1,2020-12-06,63,6546,901839,6.98572583354679,725.850179466623,8.69651583359906
1,2020-12-07,81,6627,901839,8.98164750027444,734.831826966898,8.42722481507231
1,2020-12-08,66,6693,901839,7.31837944466806,742.150206411566,8.85492231508538
1,2020-12-09,60,6753,901839,6.65307222242551,748.803278633991,8.60147194470727
1,2020-12-10,72,6825,901839,7.98368666691061,756.786965300902,8.77571907434222
1,2020-12-11,114,6939,901839,12.6408372226085,769.42780252351,9.53607018547656
1,2020-12-12,87,7026,901839,9.64695472251699,779.074757246027,10.0112896299355
1,2020-12-13,74,7100,901839,8.20545574099146,787.280212987019,10.8983659262589
1,2020-12-14,129,7229,901839,14.3041052782148,801.584318265234,11.1993382410829
1,2020-12-15,96,7325,901839,10.6449155558808,812.229233821114,11.1042943521911
1,2020-12-16,116,7441,901839,12.8626062966893,825.091840117804,11.1676569447857
1,2020-12-17,91,7532,901839,10.0904928706787,835.182332988482,11.5319918522042
1,2020-12-18,108,7640,901839,11.9755300003659,847.157862988848,10.9300472225562
1,2020-12-19,91,7731,901839,10.0904928706787,857.248355859527,11.5161512040556
1,2020-12-20,97,7828,901839,10.7558000929212,868.004155952448,11.326063426272
1,2020-12-21,91,7919,901839,10.0904928706787,878.094648823127,10.9617285188535
1,2020-12-22,133,8052,901839,14.7476434263765,892.842292249504,10.8033220373671
1,2020-12-23,104,8156,901839,11.5319918522042,904.374284101708,11.1993382410829
1,2020-12-24,68,8224,901839,7.54014851874891,911.914432620457,11.1201350003398
1,2020-12-25,98,8322,901839,10.8666846299617,922.781117250418,11.6903983336905
1,2020-12-26,116,8438,901839,12.8626062966893,935.643723547108,12.0705738892577
1,2020-12-27,92,8530,901839,10.2013774077191,945.845100954827,11.6903983336905
1,2020-12-28,127,8657,901839,14.082336204134,959.927437158961,12.6725185189057
1,2020-12-29,157,8814,901839,17.4088723153468,977.336309474307,13.4328696300401
1,2020-12-30,80,8894,901839,8.87076296323401,986.207072437541,14.2882646300662
1,2020-12-31,130,9024,901839,14.4149898152553,1000.6220622528,14.4466711115525
1,2021-01-01,146,9170,901839,16.1891424079021,1016.8112046607,14.684280833782
1,2021-01-02,170,9340,901839,18.8503712968723,1035.66157595757,14.3991491671066
1,2021-01-03,102,9442,901839,11.3102227781234,1046.97179873569,15.8723294449294
1,2021-01-04,142,9584,901839,15.7456042597404,1062.71740299543,17.9949762968461
1,2021-01-05,139,9723,901839,15.4129506486191,1078.13035364405,18.0266575931434
1,2021-01-06,173,9896,901839,19.1830249079936,1097.31337855205,17.4563942597926
1,2021-01-07,264,10160,901839,29.2735177786723,1126.58689633072,17.1079000005227
1,2021-01-08,148,10308,901839,16.4109114819829,1142.9978078127,16.8702902782933
1,2021-01-09,134,10442,901839,14.858527963417,1157.85633577612,16.9019715745905
1,2021-01-10,80,10522,901839,8.87076296323401,1166.72709873935,16.0782578708617
1,2021-01-11,127,10649,901839,14.082336204134,1180.80943494349,14.1298581485799
1,2021-01-12,141,10790,901839,15.6347197227,1196.44415466619,13.4487102781887
1,2021-01-13,121,10911,901839,13.4170289818914,1209.86118364808,12.704199815203
1,2021-01-14,141,11052,901839,15.6347197227,1225.49590337078,12.4665900929735
1,2021-01-15,105,11157,901839,11.6428763892446,1237.13877976002,11.9755300003659
1,2021-01-16,87,11244,901839,9.64695472251699,1246.78573448254,12.0388925929604
1,2021-01-17,65,11309,901839,7.20749490762764,1253.99322939017,11.2785414818261
1,2021-01-18,96,11405,901839,10.6449155558808,1264.63814494605,10.5973936114349
1,2021-01-19,145,11550,901839,16.0782578708617,1280.71640281691,10.6132342595836
1,2021-01-20,73,11623,901839,8.09457120395104,1288.81097402086,10.8033220373671
1,2021-01-21,98,11721,901839,10.8666846299617,1299.67765865082,11.0884537040425
1,2021-01-22,106,11827,901839,11.7537609262851,1311.43141957711,NA
1,2021-01-23,99,11926,901839,10.9775691670021,1322.40898874411,NA
1,2021-01-24,83,12009,901839,9.20341657435529,1331.61240531847,NA
2,2020-01-23,0,0,928581,0,0,NA
2,2020-01-24,0,0,928581,0,0,NA
2,2020-01-25,0,0,928581,0,0,NA
2,2020-01-26,0,0,928581,0,0,0
2,2020-01-27,0,0,928581,0,0,0
2,2020-01-28,0,0,928581,0,0,0
2,2020-01-29,0,0,928581,0,0,0
2,2020-01-30,0,0,928581,0,0,0
2,2020-01-31,0,0,928581,0,0,0
2,2020-02-01,0,0,928581,0,0,0
2,2020-02-02,0,0,928581,0,0,0
2,2020-02-03,0,0,928581,0,0,0
2,2020-02-04,0,0,928581,0,0,0
2,2020-02-05,0,0,928581,0,0,0
2,2020-02-06,0,0,928581,0,0,0
2,2020-02-07,0,0,928581,0,0,0
2,2020-02-08,0,0,928581,0,0,0
2,2020-02-09,0,0,928581,0,0,0
2,2020-02-10,0,0,928581,0,0,0
2,2020-02-11,0,0,928581,0,0,0
2,2020-02-12,0,0,928581,0,0,0
2,2020-02-13,0,0,928581,0,0,0
2,2020-02-14,0,0,928581,0,0,0
2,2020-02-15,0,0,928581,0,0,0
2,2020-02-16,0,0,928581,0,0,0
2,2020-02-17,0,0,928581,0,0,0
2,2020-02-18,0,0,928581,0,0,0.0153844568063683
2,2020-02-19,0,0,928581,0,0,0.0153844568063683
2,2020-02-20,0,0,928581,0,0,0.0153844568063683
2,2020-02-21,1,1,928581,0.107691197644578,0.107691197644578,0.0153844568063683
2,2020-02-22,0,1,928581,0,0.107691197644578,0.0153844568063683
2,2020-02-23,0,1,928581,0,0.107691197644578,0.0153844568063683
2,2020-02-24,0,1,928581,0,0.107691197644578,0.0307689136127366
2,2020-02-25,0,1,928581,0,0.107691197644578,0.0153844568063683
2,2020-02-26,0,1,928581,0,0.107691197644578,0.0153844568063683
2,2020-02-27,1,2,928581,0.107691197644578,0.215382395289156,0.0307689136127366
2,2020-02-28,0,2,928581,0,0.215382395289156,0.0307689136127366
2,2020-02-29,0,2,928581,0,0.215382395289156,0.0461533704191049
2,2020-03-01,1,3,928581,0.107691197644578,0.323073592933734,0.0461533704191049
2,2020-03-02,0,3,928581,0,0.323073592933734,0.0307689136127366
2,2020-03-03,1,4,928581,0.107691197644578,0.430764790578312,0.0307689136127366
2,2020-03-04,0,4,928581,0,0.430764790578312,0.0307689136127366
2,2020-03-05,0,4,928581,0,0.430764790578312,0.0615378272254732
2,2020-03-06,0,4,928581,0,0.430764790578312,0.0615378272254732
2,2020-03-07,0,4,928581,0,0.430764790578312,0.0461533704191049
2,2020-03-08,3,7,928581,0.323073592933734,0.753838383512047,0.0615378272254732
2,2020-03-09,0,7,928581,0,0.753838383512047,0.153844568063683
2,2020-03-10,0,7,928581,0,0.753838383512047,0.230766852095525
2,2020-03-11,1,8,928581,0.107691197644578,0.861529581156625,0.292304679320998
2,2020-03-12,6,14,928581,0.646147185867469,1.50767676702409,0.307689136127366
2,2020-03-13,5,19,928581,0.538455988222891,2.04613275524698,0.353842506546471
2,2020-03-14,4,23,928581,0.430764790578312,2.4768975458253,0.399995876965576
2,2020-03-15,4,27,928581,0.430764790578312,2.90766233640361,0.584609358641996
2,2020-03-16,3,30,928581,0.323073592933734,3.23073592933734,0.646147185867469
2,2020-03-17,3,33,928581,0.323073592933734,3.55380952227108,0.738453926705679
2,2020-03-18,13,46,928581,1.39998556937952,4.95379509165059,0.753838383512047
2,2020-03-19,10,56,928581,1.07691197644578,6.03070706809638,0.738453926705679
2,2020-03-20,11,67,928581,1.18460317409036,7.21531024218673,0.876914037962993
2,2020-03-21,5,72,928581,0.538455988222891,7.75376623040963,0.99998969241394
2,2020-03-22,3,75,928581,0.323073592933734,8.07683982334336,0.923067408382098
2,2020-03-23,12,87,928581,1.29229437173494,9.3691341950783,1.27690991492857
2,2020-03-24,11,98,928581,1.18460317409036,10.5537373691687,1.70767470550688
2,2020-03-25,8,106,928581,0.861529581156625,11.4152669503253,1.87690373037693
2,2020-03-26,33,139,928581,3.55380952227108,14.9690764725964,1.98459492802151
2,2020-03-27,39,178,928581,4.19995670813855,19.1690331807349,2.1845928665043
2,2020-03-28,16,194,928581,1.72305916231325,20.8920923430482,2.44612863221256
2,2020-03-29,10,204,928581,1.07691197644578,21.9690043194939,2.61535765708261
2,2020-03-30,25,229,928581,2.69227994111445,24.6612842606084,2.63074211388898
2,2020-03-31,28,257,928581,3.01535353404819,27.6766377946566,2.50766645943803
2,2020-04-01,19,276,928581,2.04613275524698,29.7227705499036,2.70766439792082
2,2020-04-02,34,310,928581,3.66150071991566,33.3842712698192,2.83074005237177
2,2020-04-03,31,341,928581,3.33842712698192,36.7226983968011,2.95381570682271
2,2020-04-04,29,370,928581,3.12304473169277,39.8457431284939,3.21535147253098
2,2020-04-05,18,388,928581,1.93844155760241,41.7841846860963,3.33842712698192
2,2020-04-06,33,421,928581,3.55380952227108,45.3379942083674,3.47688723823924
2,2020-04-07,45,466,928581,4.84610389400602,50.1840981023734,3.3999649542074
2,2020-04-08,27,493,928581,2.90766233640361,53.091760438777,3.58457843588381
2,2020-04-09,43,536,928581,4.63072149871686,57.7224819374939,3.95380539923665
2,2020-04-10,26,562,928581,2.79997113875903,60.5224530762529,4.0768810536876
2,2020-04-11,41,603,928581,4.4153391034277,64.9377921796806,3.96918985604302
2,2020-04-12,42,645,928581,4.52303030107228,69.4608224807529,4.01534322646213
2,2020-04-13,41,686,928581,4.4153391034277,73.8761615841806,4.21534116494492
2,2020-04-14,38,724,928581,4.09226551049397,77.9684270946746,4.92302617803786
2,2020-04-15,30,754,928581,3.23073592933734,81.1991630240119,4.92302617803786
2,2020-04-16,56,810,928581,6.03070706809638,87.2298700921083,4.92302617803786
2,2020-04-17,72,882,928581,7.75376623040963,94.9836363225179,5.83070912961359
2,2020-04-18,41,923,928581,4.4153391034277,99.3989754259456,5.83070912961359
2,2020-04-19,42,965,928581,4.52303030107228,103.922005727018,6.2614739201919
2,2020-04-20,100,1065,928581,10.7691197644578,114.691125491476,6.07686043851548
2,2020-04-21,38,1103,928581,4.09226551049397,118.78339100197,5.55378890709896
2,2020-04-22,58,1161,928581,6.24608946338553,125.029480465355,5.35379096861617
2,2020-04-23,44,1205,928581,4.73841269636144,129.767893161717,5.13840857332701
2,2020-04-24,38,1243,928581,4.09226551049397,133.860158672211,4.26149453536402
2,2020-04-25,28,1271,928581,3.01535353404819,136.875512206259,4.38457018981497
2,2020-04-26,28,1299,928581,3.01535353404819,139.890865740307,4.24611007855765
2,2020-04-27,43,1342,928581,4.63072149871686,144.521587239024,4.1230344241067
2,2020-04-28,46,1388,928581,4.95379509165059,149.475382330674,4.18457225133218
2,2020-04-29,49,1437,928581,5.27686868458433,154.752251015259,4.18457225133218
2,2020-04-30,36,1473,928581,3.87688311520481,158.629134130464,4.18457225133218
2,2020-05-01,42,1515,928581,4.52303030107228,163.152164431536,3.99995876965576
2,2020-05-02,28,1543,928581,3.01535353404819,166.167517965584,3.86149865839844
2,2020-05-03,28,1571,928581,3.01535353404819,169.182871499632,3.66150071991566
2,2020-05-04,31,1602,928581,3.33842712698192,172.521298626614,3.49227169504561
2,2020-05-05,37,1639,928581,3.98457431284939,176.505872939464,3.4461183246265
2,2020-05-06,36,1675,928581,3.87688311520481,180.382756054668,3.38458049740103
2,2020-05-07,25,1700,928581,2.69227994111445,183.075035995783,3.35381158378829
2,2020-05-08,39,1739,928581,4.19995670813855,187.274992703921,3.1076602748864
2,2020-05-09,24,1763,928581,2.58458874346988,189.859581447391,2.70766439792082
2,2020-05-10,26,1789,928581,2.79997113875903,192.65955258615,2.56920428666351
2,2020-05-11,15,1804,928581,1.61536796466867,194.274920550819,2.56920428666351
2,2020-05-12,11,1815,928581,1.18460317409036,195.459523724909,2.36920634818072
2,2020-05-13,27,1842,928581,2.90766233640361,198.367186061313,2.35382189137435
2,2020-05-14,25,1867,928581,2.69227994111445,201.059466002427,2.50766645943803
2,2020-05-15,26,1893,928581,2.79997113875903,203.859437141186,2.67689548430808
2,2020-05-16,23,1916,928581,2.4768975458253,206.336334687012,2.90766233640361
2,2020-05-17,36,1952,928581,3.87688311520481,210.213217802217,3.21535147253098
2,2020-05-18,26,1978,928581,2.79997113875903,213.013188940976,3.33842712698192
2,2020-05-19,26,2004,928581,2.79997113875903,215.813160079735,3.35381158378829
2,2020-05-20,47,2051,928581,5.06148628929517,220.87464636903,3.59996289269018
2,2020-05-21,33,2084,928581,3.55380952227108,224.428455891301,3.59996289269018
2,2020-05-22,27,2111,928581,2.90766233640361,227.336118227704,3.95380539923665
2,2020-05-23,39,2150,928581,4.19995670813855,231.536074935843,4.09226551049397
2,2020-05-24,36,2186,928581,3.87688311520481,235.412958051048,3.81534528797934
2,2020-05-25,49,2235,928581,5.27686868458433,240.689826735632,3.7845763743666
2,2020-05-26,35,2270,928581,3.76919191756023,244.459018653192,4.79995052358691
2,2020-05-27,29,2299,928581,3.12304473169277,247.582063384885,4.86148835081238
2,2020-05-28,31,2330,928581,3.33842712698192,250.920490511867,4.72302823955507
2,2020-05-29,93,2423,928581,10.0152813809458,260.935771892813,4.3691857330086
2,2020-05-30,43,2466,928581,4.63072149871686,265.56649339153,4.18457225133218
2,2020-05-31,27,2493,928581,2.90766233640361,268.474155727933,4.38457018981497
2,2020-06-01,26,2519,928581,2.79997113875903,271.274126866692,4.32303236258949
2,2020-06-02,23,2542,928581,2.4768975458253,273.751024412518,3.24612038614371
2,2020-06-03,42,2584,928581,4.52303030107228,278.27405471359,3.07689136127366
2,2020-06-04,27,2611,928581,2.90766233640361,281.181717049993,2.8153555955654
2,2020-06-05,23,2634,928581,2.4768975458253,283.658614595819,2.70766439792082
2,2020-06-06,32,2666,928581,3.4461183246265,287.104732920445,2.61535765708261
2,2020-06-07,10,2676,928581,1.07691197644578,288.181644896891,2.46151308901893
2,2020-06-08,19,2695,928581,2.04613275524698,290.227777652138,2.39997526179346
2,2020-06-09,17,2712,928581,1.83075035995783,292.058528012096,2.39997526179346
2,2020-06-10,32,2744,928581,3.4461183246265,295.504646336722,2.30766852095525
2,2020-06-11,23,2767,928581,2.4768975458253,297.981543882548,2.36920634818072
2,2020-06-12,23,2790,928581,2.4768975458253,300.458441428373,2.36920634818072
2,2020-06-13,26,2816,928581,2.79997113875903,303.258412567132,2.32305297776161
2,2020-06-14,14,2830,928581,1.50767676702409,304.766089334156,2.04613275524698
2,2020-06-15,19,2849,928581,2.04613275524698,306.812222089403,1.90767264398967
2,2020-06-16,14,2863,928581,1.50767676702409,308.319898856427,1.67690579189415
2,2020-06-17,14,2877,928581,1.50767676702409,309.827575623451,1.50767676702409
2,2020-06-18,14,2891,928581,1.50767676702409,311.335252390475,1.33844774215404
2,2020-06-19,8,2899,928581,0.861529581156625,312.196781971632,1.2153720877031
2,2020-06-20,15,2914,928581,1.61536796466867,313.812149936301,1.2153720877031
2,2020-06-21,3,2917,928581,0.323073592933734,314.135223529234,1.15383426047762
2,2020-06-22,11,2928,928581,1.18460317409036,315.319826703325,1.09229643325215
2,2020-06-23,14,2942,928581,1.50767676702409,316.827503470349,1.24614100131583
2,2020-06-24,10,2952,928581,1.07691197644578,317.904415446795,1.2153720877031
2,2020-06-25,10,2962,928581,1.07691197644578,318.98132742324,1.30767882854131
2,2020-06-26,18,2980,928581,1.93844155760241,320.919768980843,1.32306328534767
2,2020-06-27,13,2993,928581,1.39998556937952,322.319754550222,1.43075448299225
2,2020-06-28,9,3002,928581,0.969220778801203,323.288975329024,1.5538301374432
2,2020-06-29,12,3014,928581,1.29229437173494,324.581269700758,1.5999835078623
2,2020-06-30,21,3035,928581,2.26151515053614,326.842784851295,1.41537002618588
2,2020-07-01,18,3053,928581,1.93844155760241,328.781226408897,1.39998556937952
2,2020-07-02,13,3066,928581,1.39998556937952,330.181211978277,1.36921665576678
2,2020-07-03,6,3072,928581,0.646147185867469,330.827359164144,1.27690991492857
2,2020-07-04,12,3084,928581,1.29229437173494,332.119653535879,1.04614306283304
2,2020-07-05,7,3091,928581,0.753838383512047,332.873491919391,0.938451865188467
2,2020-07-06,6,3097,928581,0.646147185867469,333.519639105258,0.984605235607572
2,2020-07-07,6,3103,928581,0.646147185867469,334.165786291126,1.01537414922031
2,2020-07-08,11,3114,928581,1.18460317409036,335.350389465216,0.984605235607572
2,2020-07-09,16,3130,928581,1.72305916231325,337.07344862753,0.99998969241394
2,2020-07-10,8,3138,928581,0.861529581156625,337.934978208686,1.03075860602668
2,2020-07-11,10,3148,928581,1.07691197644578,339.011890185132,1.01537414922031
2,2020-07-12,8,3156,928581,0.861529581156625,339.873419766289,0.99998969241394
2,2020-07-13,8,3164,928581,0.861529581156625,340.734949347445,0.90768295157573
2,2020-07-14,5,3169,928581,0.538455988222891,341.273405335668,0.81537621073752
2,2020-07-15,10,3179,928581,1.07691197644578,342.350317312114,0.861529581156625
2,2020-07-16,10,3189,928581,1.07691197644578,343.42722928856,0.846145124350257
2,2020-07-17,2,3191,928581,0.215382395289156,343.642611683849,0.799991753931152
2,2020-07-18,13,3204,928581,1.39998556937952,345.042597253228,0.769222840318415
2,2020-07-19,7,3211,928581,0.753838383512047,345.79643563674,0.692300556286574
2,2020-07-20,5,3216,928581,0.538455988222891,346.334891624963,0.72306946989931
2,2020-07-21,3,3219,928581,0.323073592933734,346.657965217897,0.707685013092942
2,2020-07-22,5,3224,928581,0.538455988222891,347.19642120612,0.569224901835627
2,2020-07-23,12,3236,928581,1.29229437173494,348.488715577855,0.553840445029259
2,2020-07-24,1,3237,928581,0.107691197644578,348.596406775499,0.553840445029259
2,2020-07-25,4,3241,928581,0.430764790578312,349.027171566078,0.569224901835627
2,2020-07-26,6,3247,928581,0.646147185867469,349.673318751945,0.584609358641996
2,2020-07-27,5,3252,928581,0.538455988222891,350.211774740168,0.461533704191049
2,2020-07-28,4,3256,928581,0.430764790578312,350.642539530746,0.492302617803786
2,2020-07-29,6,3262,928581,0.646147185867469,351.288686716614,0.538455988222891
2,2020-07-30,4,3266,928581,0.430764790578312,351.719451507192,0.507687074610154
2,2020-07-31,3,3269,928581,0.323073592933734,352.042525100126,0.507687074610154
2,2020-08-01,7,3276,928581,0.753838383512047,352.796363483638,0.553840445029259
2,2020-08-02,4,3280,928581,0.430764790578312,353.227128274216,0.569224901835627
2,2020-08-03,5,3285,928581,0.538455988222891,353.765584262439,0.630762729061101
2,2020-08-04,7,3292,928581,0.753838383512047,354.519422645951,0.769222840318415
2,2020-08-05,7,3299,928581,0.753838383512047,355.273261029463,0.738453926705679
2,2020-08-06,8,3307,928581,0.861529581156625,356.13479061062,0.738453926705679
2,2020-08-07,12,3319,928581,1.29229437173494,357.427084982355,0.707685013092942
2,2020-08-08,5,3324,928581,0.538455988222891,357.965540970578,0.630762729061101
2,2020-08-09,4,3328,928581,0.430764790578312,358.396305761156,0.569224901835627
2,2020-08-10,3,3331,928581,0.323073592933734,358.71937935409,0.507687074610154
2,2020-08-11,2,3333,928581,0.215382395289156,358.934761749379,0.369226963352839
2,2020-08-12,3,3336,928581,0.323073592933734,359.257835342313,0.353842506546471
2,2020-08-13,4,3340,928581,0.430764790578312,359.688600132891,0.384611420159208
2,2020-08-14,3,3343,928581,0.323073592933734,360.011673725825,0.430764790578313
2,2020-08-15,4,3347,928581,0.430764790578312,360.442438516403,0.523071531416522
2,2020-08-16,6,3353,928581,0.646147185867469,361.08858570227,0.538455988222891
2,2020-08-17,6,3359,928581,0.646147185867469,361.734732888138,0.553840445029259
2,2020-08-18,8,3367,928581,0.861529581156625,362.596262469295,0.584609358641996
2,2020-08-19,4,3371,928581,0.430764790578312,363.027027259873,0.599993815448364
2,2020-08-20,5,3376,928581,0.538455988222891,363.565483248096,0.615378272254732
2,2020-08-21,5,3381,928581,0.538455988222891,364.103939236319,0.615378272254732
2,2020-08-22,5,3386,928581,0.538455988222891,364.642395224542,0.538455988222891
2,2020-08-23,7,3393,928581,0.753838383512047,365.396233608054,0.630762729061101
2,2020-08-24,6,3399,928581,0.646147185867469,366.042380793921,0.738453926705679
2,2020-08-25,3,3402,928581,0.323073592933734,366.365454386855,0.784607297124784
2,2020-08-26,10,3412,928581,1.07691197644578,367.442366363301,0.846145124350257
2,2020-08-27,12,3424,928581,1.29229437173494,368.734660735036,0.892298494769362
2,2020-08-28,8,3432,928581,0.861529581156625,369.596190316192,0.984605235607572
2,2020-08-29,9,3441,928581,0.969220778801203,370.565411094993,1.13844980367125
2,2020-08-30,10,3451,928581,1.07691197644578,371.642323071439,1.06152751963941
2,2020-08-31,12,3463,928581,1.29229437173494,372.934617443174,0.938451865188467
2,2020-09-01,13,3476,928581,1.39998556937952,374.334603012554,0.984605235607572
2,2020-09-02,5,3481,928581,0.538455988222891,374.873059000776,1.04614306283304
2,2020-09-03,4,3485,928581,0.430764790578312,375.303823791355,1.10768089005852
2,2020-09-04,11,3496,928581,1.18460317409036,376.488426965445,1.23075654450946
2,2020-09-05,13,3509,928581,1.39998556937952,377.888412534825,1.10768089005852
2,2020-09-06,14,3523,928581,1.50767676702409,379.396089301849,1.23075654450946
2,2020-09-07,20,3543,928581,2.15382395289156,381.54991325474,1.38460111257315
2,2020-09-08,5,3548,928581,0.538455988222891,382.088369242963,1.43075448299225
2,2020-09-09,13,3561,928581,1.39998556937952,383.488354812343,1.53844568063683
2,2020-09-10,14,3575,928581,1.50767676702409,384.996031579367,1.66152133508778
2,2020-09-11,14,3589,928581,1.50767676702409,386.503708346391,1.61536796466867
2,2020-09-12,20,3609,928581,2.15382395289156,388.657532299282,1.87690373037693
2,2020-09-13,22,3631,928581,2.36920634818072,391.026738647463,1.99997938482788
2,2020-09-14,17,3648,928581,1.83075035995783,392.857489007421,2.35382189137435
2,2020-09-15,22,3670,928581,2.36920634818072,395.226695355602,2.83074005237177
2,2020-09-16,21,3691,928581,2.26151515053614,397.488210506138,3.23073592933734
2,2020-09-17,37,3728,928581,3.98457431284939,401.472784818987,3.41534941101376
2,2020-09-18,45,3773,928581,4.84610389400602,406.318888712993,3.59996289269018
2,2020-09-19,46,3819,928581,4.95379509165059,411.272683804644,3.72303854714113
2,2020-09-20,34,3853,928581,3.66150071991566,414.934184524559,4.15380333771944
2,2020-09-21,29,3882,928581,3.12304473169277,418.057229256252,4.24611007855765
2,2020-09-22,30,3912,928581,3.23073592933734,421.28796518559,4.27687899217039
2,2020-09-23,49,3961,928581,5.27686868458433,426.564833870174,4.64610595552323
2,2020-09-24,43,4004,928581,4.63072149871686,431.195555368891,5.10763965971428
2,2020-09-25,47,4051,928581,5.06148628929517,436.257041658186,5.59994227751806
2,2020-09-26,70,4121,928581,7.53838383512047,443.795425493306,6.41531848825558
2,2020-09-27,64,4185,928581,6.892236649253,450.687662142559,6.73839208118932
2,2020-09-28,61,4246,928581,6.56916305631927,457.256825198879,7.29223252621858
2,2020-09-29,83,4329,928581,8.93836940449998,466.195194603379,7.84607297124784
2,2020-09-30,70,4399,928581,7.53838383512047,473.733578438499,7.70761285999052
2,2020-10-01,79,4478,928581,8.50760461392167,482.241183052421,7.73838177360326
2,2020-10-02,83,4561,928581,8.93836940449998,491.179552456921,7.66145948957142
2,2020-10-03,61,4622,928581,6.56916305631927,497.74871551324,7.61530611915231
2,2020-10-04,66,4688,928581,7.10761904454216,504.856334557782,7.90761079847331
2,2020-10-05,56,4744,928581,6.03070706809638,510.887041625879,7.87684188486057
2,2020-10-06,80,4824,928581,8.61529581156625,519.502337437445,7.49223046470136
2,2020-10-07,89,4913,928581,9.58451659036745,529.086854027812,7.26146361260584
2,2020-10-08,77,4990,928581,8.29222221863252,537.379076246445,7.76915068721599
2,2020-10-09,58,5048,928581,6.24608946338553,543.62516570983,7.72299731679689
2,2020-10-10,46,5094,928581,4.95379509165059,548.578960801481,7.66145948957142
2,2020-10-11,99,5193,928581,10.6614285668132,559.240389368294,7.66145948957142
2,2020-10-12,53,5246,928581,5.70763347516264,564.948022843457,7.44607709428226
2,2020-10-13,76,5322,928581,8.18453102098794,573.132553864445,7.64607503276505
2,2020-10-14,89,5411,928581,9.58451659036745,582.717070454812,8.01530199611789
2,2020-10-15,63,5474,928581,6.78454545160842,589.501615906421,7.89222634166694
2,2020-10-16,71,5545,928581,7.64607503276505,597.147690939186,8.21529993460067
2,2020-10-17,70,5615,928581,7.53838383512047,604.686074774306,8.52298907072804
2,2020-10-18,91,5706,928581,9.79989898565661,614.485973759963,8.7383714660172
2,2020-10-19,74,5780,928581,7.96914862569878,622.455122385662,9.0768295157573
2,2020-10-20,96,5876,928581,10.3383549738795,632.793477359541,9.46144093591651
2,2020-10-21,103,5979,928581,11.0921933573915,643.885670716933,9.46144093591651
2,2020-10-22,85,6064,928581,9.15375179978914,653.039422516722,9.46144093591651
2,2020-10-23,96,6160,928581,10.3383549738795,663.377777490601,9.56913213356109
2,2020-10-24,70,6230,928581,7.53838383512047,670.916161325722,9.86143681288208
2,2020-10-25,91,6321,928581,9.79989898565661,680.716060311378,9.69220778801203
2,2020-10-26,81,6402,928581,8.72298700921083,689.439047320589,9.59990104717382
2,2020-10-27,115,6517,928581,12.3844877291265,701.823535049716,9.69220778801203
2,2020-10-28,92,6609,928581,9.90759018330119,711.731125233017,10.1845104058158
2,2020-10-29,79,6688,928581,8.50760461392167,720.238729846938,10.4614306283304
2,2020-10-30,102,6790,928581,10.984502159747,731.223232006686,10.3075860602668
2,2020-10-31,102,6892,928581,10.984502159747,742.207734166432,9.73836115843114
2,2020-11-01,109,7001,928581,11.738340543259,753.946074709691,9.64605441759293
2,2020-11-02,71,7072,928581,7.64607503276505,761.592149742457,10.2614326898477
2,2020-11-03,78,7150,928581,8.39991341627709,769.992063158734,10.2614326898477
2,2020-11-04,86,7236,928581,9.26144299743372,779.253506156167,10.3075860602668
2,2020-11-05,119,7355,928581,12.8152525197048,792.068758675872,10.5845062827814
2,2020-11-06,102,7457,928581,10.984502159747,803.053260835619,11.3075757526807
2,2020-11-07,105,7562,928581,11.3075757526807,814.3608365883,12.2767965314819
2,2020-11-08,127,7689,928581,13.6767821008614,828.037618689161,12.7075613220602
2,2020-11-09,118,7807,928581,12.7075613220602,840.745180011221,12.9383281741557
2,2020-11-10,141,7948,928581,15.1844588678855,855.929638879107,13.2921706807022
2,2020-11-11,114,8062,928581,12.2767965314819,868.206435410589,13.3998618783468
2,2020-11-12,134,8196,928581,14.4306204843735,882.637055894962,13.4152463351532
2,2020-11-13,125,8321,928581,13.4613997055723,896.098455600535,13.3383240511213
2,2020-11-14,112,8433,928581,12.0614141361928,908.159869736727,12.8306369765112
2,2020-11-15,128,8561,928581,13.784473298506,921.944343035233,12.7690991492857
2,2020-11-16,113,8674,928581,12.1691053338373,934.113448369071,12.5229478403838
2,2020-11-17,108,8782,928581,11.6306493456144,945.744097714685,12.7690991492857
2,2020-11-18,110,8892,928581,11.8460317409036,957.590129455589,13.3537085079277
2,2020-11-19,118,9010,928581,12.7075613220602,970.297690777649,13.4460152487659
2,2020-11-20,141,9151,928581,15.1844588678855,985.482149645534,13.6767821008614
2,2020-11-21,150,9301,928581,16.1536796466867,1001.63582929222,13.6306287304423
2,2020-11-22,134,9435,928581,14.4306204843735,1016.06644977659,13.7383199280869
2,2020-11-23,128,9563,928581,13.784473298506,1029.8509230751,14.4767738547926
2,2020-11-24,105,9668,928581,11.3075757526807,1041.15849882778,14.4767738547926
2,2020-11-25,117,9785,928581,12.5998701244156,1053.7583689522,14.4460049411798
2,2020-11-26,166,9951,928581,17.876738809,1071.6351077612,15.4459946335938
2,2020-11-27,141,10092,928581,15.1844588678855,1086.81956662908,16.0767573626549
2,2020-11-28,148,10240,928581,15.9382972513976,1102.75786388048,16.5382910668459
2,2020-11-29,199,10439,928581,21.430548331271,1124.18841221175,16.9075180301988
2,2020-11-30,169,10608,928581,18.1998124019337,1142.38822461368,16.4767532396205
2,2020-12-01,135,10743,928581,14.538311682018,1156.9265362957,17.1229004254879
2,2020-12-02,141,10884,928581,15.1844588678855,1172.11099516359,17.6152030432917
2,2020-12-03,138,11022,928581,14.8613852749518,1186.97238043854,17.5536652160662
2,2020-12-04,183,11205,928581,19.7074891689578,1206.6798696075,17.6613564137108
2,2020-12-05,180,11385,928581,19.3844155760241,1226.06428518352,17.9075077226127
2,2020-12-06,195,11580,928581,20.9997835406927,1247.06406872421,18.3075035995783
2,2020-12-07,176,11756,928581,18.9536507854458,1266.01771950966,18.8767285014139
2,2020-12-08,151,11907,928581,16.2613708443313,1282.27909035399,18.6151927357056
2,2020-12-09,167,12074,928581,17.9844300066445,1300.26352036064,18.3844258836101
2,2020-12-10,175,12249,928581,18.8459595878012,1319.10947994844,18.2921191427719
2,2020-12-11,166,12415,928581,17.876738809,1336.98621875744,19.3228777487986
2,2020-12-12,165,12580,928581,17.7690476113554,1354.75526636879,19.7382580825705
2,2020-12-13,189,12769,928581,20.3536363548253,1375.10890272362,20.5074809228889
2,2020-12-14,243,13012,928581,26.1689610276325,1401.27786375125,20.8459389726291
2,2020-12-15,178,13190,928581,19.1690331807349,1420.44689693199,21.1536281087564
2,2020-12-16,217,13407,928581,23.3689898888735,1443.81588682086,21.430548331271
2,2020-12-17,197,13604,928581,21.2151659359819,1465.03105275684,21.7382374673984
2,2020-12-18,186,13790,928581,20.0305627618915,1485.06161551873,20.676709947759
2,2020-12-19,183,13973,928581,19.7074891689578,1504.76910468769,21.2920882200137
2,2020-12-20,209,14182,928581,22.5074603077168,1527.27656499541,20.7382477749845
2,2020-12-21,174,14356,928581,18.7382683901566,1546.01483338556,19.922871564247
2,2020-12-22,218,14574,928581,23.476681086518,1569.49151447208,20.384405268438
2,2020-12-23,181,14755,928581,19.4921067736686,1588.98362124575,20.5382498365017
2,2020-12-24,144,14899,928581,15.5075324608193,1604.49115370657,20.2613296139871
2,2020-12-25,216,15115,928581,23.2612986912289,1627.7524523978,21.3690105040456
2,2020-12-26,193,15308,928581,20.7844011454036,1648.5368535432,22.8305339006506
2,2020-12-27,191,15499,928581,20.5690187501144,1669.10587229332,22.7997649870378
2,2020-12-28,246,15745,928581,26.4920346205662,1695.59790691388,24.5535930629638
2,2020-12-29,313,16058,928581,33.707344862753,1729.30525177664,25.5535827553778
2,2020-12-30,179,16237,928581,19.2767243783795,1748.58197615501,26.9074149543382
2,2020-12-31,258,16495,928581,27.7843289923012,1776.36630514732,27.6304844242375
2,2021-01-01,281,16776,928581,30.2612265381265,1806.62753168544,27.7074067082693
2,2021-01-02,281,17057,928581,30.2612265381265,1836.88875822357,27.1535662632401
2,2021-01-03,238,17295,928581,25.6305050394096,1862.51926326298,29.7073860930972
2,2021-01-04,251,17546,928581,27.0304906087891,1889.54975387177,34.1996474805567
2,2021-01-05,277,17823,928581,29.8304617475481,1919.38021561932,35.3073283706153
2,2021-01-06,345,18168,928581,37.1534631873795,1956.5336788067,35.4919418522917
2,2021-01-07,550,18718,928581,59.230158704518,2015.76383751121,35.1380993457452
2,2021-01-08,353,19071,928581,38.0149927685361,2053.77883027975,35.1688682593579
2,2021-01-09,293,19364,928581,31.5535209098614,2085.33235118961,35.8150154452254
2,2021-01-10,215,19579,928581,23.1536074935843,2108.4859586832,34.8919480368433
2,2021-01-11,253,19832,928581,27.2458730040783,2135.73183168727,30.5073778470283
2,2021-01-12,319,20151,928581,34.3534920486204,2170.08532373589,29.6304638090654
2,2021-01-13,285,20436,928581,30.6919913287048,2200.7773150646,29.0612389072297
2,2021-01-14,265,20701,928581,28.5381673758132,2229.31548244041,28.7073964006833
2,2021-01-15,296,20997,928581,31.8765945027951,2261.19207694321,29.0766233640361
2,2021-01-16,256,21253,928581,27.568946597012,2288.76102354022,29.1843145616807
2,2021-01-17,192,21445,928581,20.676709947759,2309.43773348798,28.4304761781686
2,2021-01-18,277,21722,928581,29.8304617475481,2339.26819523553,27.7227911650757
2,2021-01-19,326,22048,928581,35.1073304321325,2374.37552566766,26.5535724477917
2,2021-01-20,236,22284,928581,25.4151226441204,2399.79064831178,25.9228097187306
2,2021-01-21,219,22503,928581,23.5843722841626,2423.37502059594,26.5689569045981
2,2021-01-22,220,22723,928581,23.6920634818072,2447.06708407775,NA
2,2021-01-23,215,22938,928581,23.1536074935843,2470.22069157133,NA
2,2021-01-24,234,23172,928581,25.1997402488313,2495.42043182016,NA
3,2020-01-23,0,0,900608,0,0,NA
3,2020-01-24,0,0,900608,0,0,NA
3,2020-01-25,0,0,900608,0,0,NA
3,2020-01-26,0,0,900608,0,0,0
3,2020-01-27,0,0,900608,0,0,0
3,2020-01-28,0,0,900608,0,0,0
3,2020-01-29,0,0,900608,0,0,0
3,2020-01-30,0,0,900608,0,0,0
3,2020-01-31,0,0,900608,0,0,0
3,2020-02-01,0,0,900608,0,0,0
3,2020-02-02,0,0,900608,0,0,0
3,2020-02-03,0,0,900608,0,0,0
3,2020-02-04,0,0,900608,0,0,0
3,2020-02-05,0,0,900608,0,0,0
3,2020-02-06,0,0,900608,0,0,0
3,2020-02-07,0,0,900608,0,0,0
3,2020-02-08,0,0,900608,0,0,0
3,2020-02-09,0,0,900608,0,0,0
3,2020-02-10,0,0,900608,0,0,0
3,2020-02-11,0,0,900608,0,0,0
3,2020-02-12,0,0,900608,0,0,0
3,2020-02-13,0,0,900608,0,0,0
3,2020-02-14,0,0,900608,0,0,0
3,2020-02-15,0,0,900608,0,0,0
3,2020-02-16,0,0,900608,0,0,0
3,2020-02-17,0,0,900608,0,0,0
3,2020-02-18,0,0,900608,0,0,0
3,2020-02-19,0,0,900608,0,0,0
3,2020-02-20,0,0,900608,0,0,0
3,2020-02-21,0,0,900608,0,0,0
3,2020-02-22,0,0,900608,0,0,0
3,2020-02-23,0,0,900608,0,0,0
3,2020-02-24,0,0,900608,0,0,0
3,2020-02-25,0,0,900608,0,0,0.0158623000081215
3,2020-02-26,0,0,900608,0,0,0.0158623000081215
3,2020-02-27,0,0,900608,0,0,0.0158623000081215
3,2020-02-28,1,1,900608,0.11103610005685,0.11103610005685,0.0158623000081215
3,2020-02-29,0,1,900608,0,0.11103610005685,0.0158623000081215
3,2020-03-01,0,1,900608,0,0.11103610005685,0.0158623000081215
3,2020-03-02,0,1,900608,0,0.11103610005685,0.0158623000081215
3,2020-03-03,0,1,900608,0,0.11103610005685,0.0158623000081215
3,2020-03-04,0,1,900608,0,0.11103610005685,0.0158623000081215
3,2020-03-05,0,1,900608,0,0.11103610005685,0.0158623000081215
3,2020-03-06,1,2,900608,0.11103610005685,0.222072200113701,0.0158623000081215
3,2020-03-07,0,2,900608,0,0.222072200113701,0.0158623000081215
3,2020-03-08,0,2,900608,0,0.222072200113701,0.0475869000243645
3,2020-03-09,0,2,900608,0,0.222072200113701,0.063449200032486
3,2020-03-10,0,2,900608,0,0.222072200113701,0.063449200032486
3,2020-03-11,2,4,900608,0.222072200113701,0.444144400227402,0.0793115000406075
3,2020-03-12,1,5,900608,0.11103610005685,0.555180500284252,0.0793115000406075
3,2020-03-13,1,6,900608,0.11103610005685,0.666216600341103,0.174485300089336
3,2020-03-14,1,7,900608,0.11103610005685,0.777252700397953,0.190347600097458
3,2020-03-15,0,7,900608,0,0.777252700397953,0.206209900105579
3,2020-03-16,6,13,900608,0.666216600341103,1.44346930073906,0.285521400146187
3,2020-03-17,1,14,900608,0.11103610005685,1.55450540079591,0.31724600016243
3,2020-03-18,3,17,900608,0.333108300170551,1.88761370096646,0.31724600016243
3,2020-03-19,6,23,900608,0.666216600341103,2.55383030130756,0.396557500203037
3,2020-03-20,3,26,900608,0.333108300170551,2.88693860147811,0.475869000243645
3,2020-03-21,1,27,900608,0.11103610005685,2.99797470153496,0.586905100300495
3,2020-03-22,5,32,900608,0.555180500284252,3.55315520181922,0.63449200032486
3,2020-03-23,11,43,900608,1.22139710062536,4.77455230244457,0.888288800454804
3,2020-03-24,8,51,900608,0.888288800454804,5.66284110289937,1.09449870056038
3,2020-03-25,6,57,900608,0.666216600341103,6.32905770324048,1.30070860066596
3,2020-03-26,22,79,900608,2.44279420125071,8.77185190449119,1.42760700073093
3,2020-03-27,16,95,900608,1.77657760090961,10.5484295054008,1.49105620076342
3,2020-03-28,14,109,900608,1.55450540079591,12.1029349061967,1.80830220092585
3,2020-03-29,13,122,900608,1.44346930073906,13.5464042069358,2.23658430114513
3,2020-03-30,15,137,900608,1.66554150085276,15.2119457077885,2.53796800129944
3,2020-03-31,28,165,900608,3.10901080159181,18.3209565093803,2.77590250142126
3,2020-04-01,33,198,900608,3.66419130187607,21.9851478112564,3.02969930155121
3,2020-04-02,41,239,900608,4.55248010233087,26.5376279135873,3.25177150166491
3,2020-04-03,31,270,900608,3.44211910176237,29.9797470153496,3.42625680175424
3,2020-04-04,30,300,900608,3.33108300170551,33.3108300170551,3.79108970194104
3,2020-04-05,27,327,900608,2.99797470153496,36.3088047185901,3.88626350198977
3,2020-04-06,26,353,900608,2.88693860147811,39.1957433200682,3.71177820190043
3,2020-04-07,51,404,900608,5.66284110289937,44.8585844229676,3.71177820190043
3,2020-04-08,39,443,900608,4.33040790221717,49.1889923251848,3.96557500203037
3,2020-04-09,30,473,900608,3.33108300170551,52.5200753268903,4.10833570210347
3,2020-04-10,31,504,900608,3.44211910176237,55.9621944286526,4.96489990254203
3,2020-04-11,46,550,900608,5.10766060261512,61.0698550312678,4.6476539023796
3,2020-04-12,36,586,900608,3.99729960204662,65.0671546333144,4.88558840250142
3,2020-04-13,80,666,900608,8.88288800454804,73.9500426378624,5.45663120279379
3,2020-04-14,31,697,900608,3.44211910176237,77.3921617396248,6.21802160318363
3,2020-04-15,54,751,900608,5.99594940306993,83.3881111426947,6.36078230325672
3,2020-04-16,66,817,900608,7.32838260375213,90.7164937464468,6.72561520344352
3,2020-04-17,79,896,900608,8.77185190449119,99.488345650938,6.97941200357346
3,2020-04-18,55,951,900608,6.10698550312678,105.595331154065,7.43941870380898
3,2020-04-19,59,1010,900608,6.55112990335418,112.146461057419,7.8201139040039
3,2020-04-20,96,1106,900608,10.6594656054576,122.805926662877,7.85183850402014
3,2020-04-21,60,1166,900608,6.66216600341103,129.468092666288,7.72494010395517
3,2020-04-22,78,1244,900608,8.66081580443434,138.128908470722,7.53459250385771
3,2020-04-23,68,1312,900608,7.55045480386583,145.679363274588,7.34424490376025
3,2020-04-24,71,1383,900608,7.88356310403638,153.562926378624,6.96354970356534
3,2020-04-25,43,1426,900608,4.77455230244457,158.337478681069,7.10631040363843
3,2020-04-26,47,1473,900608,5.21869670267197,163.556175383741,6.93182510354909
3,2020-04-27,72,1545,900608,7.99459920409323,171.550774587834,6.99527430358158
3,2020-04-28,69,1614,900608,7.66149090392268,179.212265491757,7.29665800373589
3,2020-04-29,67,1681,900608,7.43941870380898,186.651684195566,7.77252700397953
3,2020-04-30,72,1753,900608,7.99459920409323,194.646283399659,8.07391070413384
3,2020-05-01,90,1843,900608,9.99324900511654,204.639532404775,8.08977300414196
3,2020-05-02,73,1916,900608,8.10563530415008,212.745167708926,8.31184520425566
3,2020-05-03,66,1982,900608,7.32838260375213,220.073550312678,8.18494680419069
3,2020-05-04,73,2055,900608,8.10563530415008,228.179185616828,8.15322220417445
3,2020-05-05,83,2138,900608,9.21599630471859,237.395181921546,7.50286790384147
3,2020-05-06,59,2197,900608,6.55112990335418,243.946311824901,7.05872350361407
3,2020-05-07,70,2267,900608,7.77252700397953,251.71883882888,6.63044140339479
3,2020-05-08,49,2316,900608,5.44076890278567,257.159607731666,6.01181170307805
3,2020-05-09,45,2361,900608,4.99662450255827,262.156232234224,5.25042130268822
3,2020-05-10,39,2400,900608,4.33040790221717,266.486640136441,5.5359427028344
3,2020-05-11,34,2434,900608,3.77522740193292,270.261867538374,5.3138705027207
3,2020-05-12,35,2469,900608,3.88626350198977,274.148131040364,5.63111650288313
3,2020-05-13,77,2546,900608,8.54977970437749,282.697910744741,6.31319540323236
3,2020-05-14,56,2602,900608,6.21802160318363,288.915932347925,6.77320210346788
3,2020-05-15,69,2671,900608,7.66149090392268,296.577423251848,7.48700560383335
3,2020-05-16,88,2759,900608,9.77117680500284,306.34860005685,8.07391070413384
3,2020-05-17,68,2827,900608,7.55045480386583,313.899054860716,8.20080910419881
3,2020-05-18,79,2906,900608,8.77185190449119,322.670906765207,8.67667810444246
3,2020-05-19,72,2978,900608,7.99459920409323,330.665505969301,8.89875030455616
3,2020-05-20,85,3063,900608,9.43806850483229,340.103574474133,8.75598960448307
3,2020-05-21,86,3149,900608,9.54910460488914,349.652679079022,8.80357650450743
3,2020-05-22,83,3232,900608,9.21599630471859,358.868675383741,8.75598960448307
3,2020-05-23,79,3311,900608,8.77185190449119,367.640527288232,8.50219280435312
3,2020-05-24,71,3382,900608,7.88356310403638,375.524090392268,8.42288130431252
3,2020-05-25,76,3458,900608,8.43874360432064,383.962833996589,8.59736660440185
3,2020-05-26,56,3514,900608,6.21802160318363,390.180855599773,11.3256822057988
3,2020-05-27,80,3594,900608,8.88288800454804,399.063743604321,11.8491381060668
3,2020-05-28,97,3691,900608,10.7705017055145,409.834245309835,11.6587905059693
3,2020-05-29,255,3946,900608,28.3142055144969,438.148450824332,11.8967250060911
3,2020-05-30,112,4058,900608,12.4360432063673,450.584494030699,12.5470793064241
3,2020-05-31,59,4117,900608,6.55112990335418,457.135623934053,12.8326007065703
3,2020-06-01,91,4208,900608,10.1042851051734,467.239909039227,12.4677678063835
3,2020-06-02,97,4305,900608,10.7705017055145,478.010410744741,9.5173800048729
3,2020-06-03,98,4403,900608,10.8815378055713,488.891948550313,8.75598960448307
3,2020-06-04,74,4477,900608,8.21667140420694,497.10861995452,8.80357650450743
3,2020-06-05,69,4546,900608,7.66149090392268,504.770110858442,8.05804840412572
3,2020-06-06,64,4610,900608,7.10631040363843,511.876421262081,7.24907110371152
3,2020-06-07,62,4672,900608,6.88423820352473,518.760659465605,6.77320210346788
3,2020-06-08,44,4716,900608,4.88558840250142,523.646247868107,6.31319540323236
3,2020-06-09,46,4762,900608,5.10766060261512,528.753908470722,5.94836250304556
3,2020-06-10,68,4830,900608,7.55045480386583,536.304363274588,5.63111650288313
3,2020-06-11,45,4875,900608,4.99662450255827,541.300987777146,5.23455900268009
3,2020-06-12,46,4921,900608,5.10766060261512,546.408648379761,5.07593600259888
3,2020-06-13,44,4965,900608,4.88558840250142,551.294236782263,5.23455900268009
3,2020-06-14,37,5002,900608,4.10833570210347,555.402572484366,4.6476539023796
3,2020-06-15,34,5036,900608,3.77522740193292,559.177799886299,4.33040790221717
3,2020-06-16,56,5092,900608,6.21802160318363,565.395821489483,4.26695870218468
3,2020-06-17,31,5123,900608,3.44211910176237,568.837940591245,4.09247340209535
3,2020-06-18,25,5148,900608,2.77590250142126,571.613843092666,3.90212580199789
3,2020-06-19,42,5190,900608,4.66351620238772,576.277359295054,3.79108970194104
3,2020-06-20,33,5223,900608,3.66419130187607,579.94155059693,3.394532201738
3,2020-06-21,25,5248,900608,2.77590250142126,582.717453098351,3.47384370177861
3,2020-06-22,27,5275,900608,2.99797470153496,585.715427799886,3.42625680175424
3,2020-06-23,31,5306,900608,3.44211910176237,589.157546901649,3.29935840168927
3,2020-06-24,36,5342,900608,3.99729960204662,593.154846503695,3.1724600016243
3,2020-06-25,22,5364,900608,2.44279420125071,595.597640704946,3.26763380167303
3,2020-06-26,34,5398,900608,3.77522740193292,599.372868106879,3.25177150166491
3,2020-06-27,25,5423,900608,2.77590250142126,602.1487706083,3.6166044018517
3,2020-06-28,31,5454,900608,3.44211910176237,605.590889710062,3.58487980183546
3,2020-06-29,26,5480,900608,2.88693860147811,608.477828311541,3.79108970194104
3,2020-06-30,54,5534,900608,5.99594940306993,614.473777714611,3.48970600178673
3,2020-07-01,34,5568,900608,3.77522740193292,618.249005116544,3.56901750182734
3,2020-07-02,35,5603,900608,3.88626350198977,622.135268618533,3.37866990172988
3,2020-07-03,15,5618,900608,1.66554150085276,623.800810119386,3.22004690164866
3,2020-07-04,30,5648,900608,3.33108300170551,627.131893121091,2.55383030130756
3,2020-07-05,19,5667,900608,2.10968590108016,629.241579022172,2.34762040120198
3,2020-07-06,16,5683,900608,1.77657760090961,631.018156623081,2.22072200113701
3,2020-07-07,12,5695,900608,1.33243320068221,632.350589823764,2.22072200113701
3,2020-07-08,21,5716,900608,2.33175810119386,634.682347924957,1.99864980102331
3,2020-07-09,27,5743,900608,2.99797470153496,637.680322626492,1.82416450093397
3,2020-07-10,15,5758,900608,1.66554150085276,639.345864127345,1.82416450093397
3,2020-07-11,16,5774,900608,1.77657760090961,641.122441728255,1.96692520100707
3,2020-07-12,8,5782,900608,0.888288800454804,642.010730528709,1.93520060099082
3,2020-07-13,16,5798,900608,1.77657760090961,643.787308129619,1.80830220092585
3,2020-07-14,21,5819,900608,2.33175810119386,646.119066230813,1.87175140095834
3,2020-07-15,19,5838,900608,2.10968590108016,648.228752131893,1.88761370096646
3,2020-07-16,19,5857,900608,2.10968590108016,650.338438032973,2.01451210103143
3,2020-07-17,19,5876,900608,2.10968590108016,652.448123934053,2.01451210103143
3,2020-07-18,17,5893,900608,1.88761370096646,654.33573763502,1.88761370096646
3,2020-07-19,16,5909,900608,1.77657760090961,656.112315235929,1.68140380086088
3,2020-07-20,16,5925,900608,1.77657760090961,657.888892836839,1.55450540079591
3,2020-07-21,13,5938,900608,1.44346930073906,659.332362137578,1.44346930073906
3,2020-07-22,6,5944,900608,0.666216600341103,659.998578737919,1.28484630065784
3,2020-07-23,11,5955,900608,1.22139710062536,661.219975838545,1.1103610005685
3,2020-07-24,12,5967,900608,1.33243320068221,662.552409039227,0.951738000487289
3,2020-07-25,7,5974,900608,0.777252700397953,663.329661739625,0.904151100462925
3,2020-07-26,5,5979,900608,0.555180500284252,663.884842239909,0.888288800454803
3,2020-07-27,6,5985,900608,0.666216600341103,664.55105884025,0.888288800454803
3,2020-07-28,10,5995,900608,1.1103610005685,665.661419840819,0.808977300414196
3,2020-07-29,5,6000,900608,0.555180500284252,666.216600341103,0.808977300414196
3,2020-07-30,11,6011,900608,1.22139710062536,667.437997441728,0.840701900430439
3,2020-07-31,7,6018,900608,0.777252700397953,668.215250142126,0.967600300495411
3,2020-08-01,7,6025,900608,0.777252700397953,668.992502842524,0.920013400471047
3,2020-08-02,7,6032,900608,0.777252700397953,669.769755542922,0.967600300495411
3,2020-08-03,14,6046,900608,1.55450540079591,671.324260943718,0.95173800048729
3,2020-08-04,7,6053,900608,0.777252700397953,672.101513644116,0.920013400471047
3,2020-08-05,8,6061,900608,0.888288800454804,672.989802444571,0.967600300495411
3,2020-08-06,10,6071,900608,1.1103610005685,674.100163445139,0.935875700479168
3,2020-08-07,5,6076,900608,0.555180500284252,674.655343945424,0.777252700397953
3,2020-08-08,10,6086,900608,1.1103610005685,675.765704945992,0.793115000406075
3,2020-08-09,5,6091,900608,0.555180500284252,676.320885446276,0.824839600422318
3,2020-08-10,4,6095,900608,0.444144400227402,676.765029846504,0.824839600422318
3,2020-08-11,8,6103,900608,0.888288800454804,677.653318646958,0.872426500446682
3,2020-08-12,10,6113,900608,1.1103610005685,678.763679647527,0.904151100462925
3,2020-08-13,10,6123,900608,1.1103610005685,679.874040648096,0.967600300495411
3,2020-08-14,8,6131,900608,0.888288800454804,680.76232944855,1.01518720051978
3,2020-08-15,12,6143,900608,1.33243320068221,682.094762649233,1.06277410054414
3,2020-08-16,9,6152,900608,0.999324900511654,683.094087549744,1.14208560058475
3,2020-08-17,7,6159,900608,0.777252700397953,683.871340250142,1.2531217006416
3,2020-08-18,11,6170,900608,1.22139710062536,685.092737350767,1.36415780069845
3,2020-08-19,15,6185,900608,1.66554150085276,686.75827885162,1.33243320068221
3,2020-08-20,17,6202,900608,1.88761370096646,688.645892552587,1.45933160074718
3,2020-08-21,15,6217,900608,1.66554150085276,690.311434053439,1.697266100869
3,2020-08-22,10,6227,900608,1.1103610005685,691.421795054008,1.72899070088524
3,2020-08-23,17,6244,900608,1.88761370096646,693.309408754974,1.76071530090149
3,2020-08-24,22,6266,900608,2.44279420125071,695.752202956225,1.9193383009827
3,2020-08-25,13,6279,900608,1.44346930073906,697.195672256964,2.03037440103955
3,2020-08-26,17,6296,900608,1.88761370096646,699.083285957931,2.23658430114513
3,2020-08-27,27,6323,900608,2.99797470153496,702.081260659466,2.2841712011695
3,2020-08-28,22,6345,900608,2.44279420125071,704.524054860716,2.22072200113701
3,2020-08-29,23,6368,900608,2.55383030130756,707.077885162024,2.22072200113701
3,2020-08-30,20,6388,900608,2.22072200113701,709.298607163161,2.26830890116137
3,2020-08-31,18,6406,900608,1.99864980102331,711.297256964184,2.39520730122635
3,2020-09-01,13,6419,900608,1.44346930073906,712.740726264923,2.39520730122635
3,2020-09-02,20,6439,900608,2.22072200113701,714.96144826606,2.30003350117762
3,2020-09-03,35,6474,900608,3.88626350198977,718.84771176805,2.52210570129132
3,2020-09-04,22,6496,900608,2.44279420125071,721.290505969301,2.55383030130756
3,2020-09-05,17,6513,900608,1.88761370096646,723.178119670267,2.87107630146999
3,2020-09-06,34,6547,900608,3.77522740193292,726.9533470722,3.23590920165679
3,2020-09-07,20,6567,900608,2.22072200113701,729.174069073337,3.12487310159993
3,2020-09-08,33,6600,900608,3.66419130187607,732.838260375213,3.41039450174612
3,2020-09-09,43,6643,900608,4.77455230244457,737.612812677658,3.93385040201413
3,2020-09-10,28,6671,900608,3.10901080159181,740.72182347925,3.82281430195728
3,2020-09-11,40,6711,900608,4.44144400227402,745.163267481524,3.85453890197352
3,2020-09-12,50,6761,900608,5.55180500284252,750.715072484366,3.85453890197352
3,2020-09-13,27,6788,900608,2.99797470153496,753.713047185901,3.8386766019654
3,2020-09-14,22,6810,900608,2.44279420125071,756.155841387152,4.4255817022659
3,2020-09-15,33,6843,900608,3.66419130187607,759.820032689028,4.55248010233087
3,2020-09-16,42,6885,900608,4.66351620238772,764.483548891416,4.69524080240396
3,2020-09-17,65,6950,900608,7.21734650369528,771.700895395111,5.26628360269634
3,2020-09-18,48,6998,900608,5.32973280272882,777.03062819784,5.80560180297247
3,2020-09-19,59,7057,900608,6.55112990335418,783.581758101194,6.18629700316738
3,2020-09-20,63,7120,900608,6.99527430358158,790.577032404776,6.42423150328921
3,2020-09-21,56,7176,900608,6.21802160318363,796.795054007959,6.32905770324048
3,2020-09-22,57,7233,900608,6.32905770324048,803.124111711199,6.80492670348412
3,2020-09-23,57,7290,900608,6.32905770324048,809.45316941444,7.69321550393893
3,2020-09-24,59,7349,900608,6.55112990335418,816.004299317794,8.61322890440997
3,2020-09-25,78,7427,900608,8.66081580443434,824.665115122228,9.04151100462925
3,2020-09-26,115,7542,900608,12.7691515065378,837.434266628766,9.77117680500284
3,2020-09-27,121,7663,900608,13.4353681068789,850.869634735645,10.4532557053521
3,2020-09-28,83,7746,900608,9.21599630471859,860.085631040364,11.5953413059368
3,2020-09-29,103,7849,900608,11.4367183058556,871.522349346219,12.007761106148
3,2020-09-30,100,7949,900608,11.103610005685,882.625959351904,12.0712103061805
3,2020-10-01,131,8080,900608,14.5457291074474,897.171688459352,11.5794790059287
3,2020-10-02,104,8184,900608,11.5477544059124,908.719442865264,11.4367183058556
3,2020-10-03,119,8303,900608,13.2132959067652,921.93273877203,11.8491381060668
3,2020-10-04,90,8393,900608,9.99324900511654,931.925987777146,12.8167384065622
3,2020-10-05,74,8467,900608,8.21667140420694,940.142659181353,13.2926074068058
3,2020-10-06,129,8596,900608,14.3236569073337,954.466316088687,13.1974336067571
3,2020-10-07,161,8757,900608,17.8768121091529,972.34312819784,13.1339844067246
3,2020-10-08,161,8918,900608,17.8768121091529,990.219940306993,14.1333093072363
3,2020-10-09,98,9016,900608,10.8815378055713,1001.10147811256,14.6091783074799
3,2020-10-10,115,9131,900608,12.7691515065378,1013.8706296191,14.9264243076423
3,2020-10-11,153,9284,900608,16.9885233086981,1030.8591529278,15.275394907821
3,2020-10-12,104,9388,900608,11.5477544059124,1042.40690733371,15.2119457077885
3,2020-10-13,149,9537,900608,16.5443789084707,1058.95128624218,15.0057358076829
3,2020-10-14,183,9720,900608,20.3196063104036,1079.27089255259,14.8629751076098
3,2020-10-15,157,9877,900608,17.4326677089255,1096.70356026151,15.0057358076829
3,2020-10-16,85,9962,900608,9.43806850483229,1106.14162876634,15.8781623081296
3,2020-10-17,106,10068,900608,11.7698266060262,1117.91145537237,16.3381690083651
3,2020-10-18,162,10230,900608,17.9878482092098,1135.89930358158,15.8464377081134
3,2020-10-19,159,10389,900608,17.6547399090392,1153.55404349062,16.4174805084057
3,2020-10-20,178,10567,900608,19.7644258101194,1173.31846930074,17.8133629091204
3,2020-10-21,152,10719,900608,16.8774872086413,1190.19595650938,18.4319926094372
3,2020-10-22,193,10912,900608,21.4299673109721,1211.62592382035,18.5113041094778
3,2020-10-23,173,11085,900608,19.2092453098351,1230.83516913019,18.5271664094859
3,2020-10-24,145,11230,900608,16.1002345082433,1246.93540363843,19.0982092097783
3,2020-10-25,167,11397,900608,18.543028709494,1265.47843234792,18.6382025095428
3,2020-10-26,160,11557,900608,17.7657760090961,1283.24420835702,17.7975006091123
3,2020-10-27,214,11771,900608,23.761725412166,1307.00593376919,17.8450875091367
3,2020-10-28,123,11894,900608,13.6574403069926,1320.66337407618,17.8768121091529
3,2020-10-29,140,12034,900608,15.5450540079591,1336.20842808414,18.7809632096159
3,2020-10-30,176,12210,900608,19.5423536100057,1355.75078169414,18.9237239096889
3,2020-10-31,147,12357,900608,16.322306708357,1372.0730884025,17.9085367091692
3,2020-11-01,224,12581,900608,24.8720864127345,1396.94517481524,18.2257827093316
3,2020-11-02,169,12750,900608,18.7651009096077,1415.71027572484,19.0506223097539
3,2020-11-03,150,12900,900608,16.6554150085276,1432.36569073337,19.6375274100544
3,2020-11-04,143,13043,900608,15.8781623081296,1448.2438530415,20.2878817103874
3,2020-11-05,192,13235,900608,21.3189312109153,1469.56278425242,21.2078951108584
3,2020-11-06,213,13448,900608,23.6506893121092,1493.21347356453,22.0168724112726
3,2020-11-07,188,13636,900608,20.8747868106879,1514.08826037521,23.9996599122878
3,2020-11-08,282,13918,900608,31.3121802160318,1545.40044059124,25.7603752131893
3,2020-11-09,220,14138,900608,24.4279420125071,1569.82838260375,27.156257613904
3,2020-11-10,275,14413,900608,30.5349275156339,1600.36331011939,27.4735036140664
3,2020-11-11,254,14667,900608,28.20316941444,1628.56647953383,28.2824809144806
3,2020-11-12,280,14947,900608,31.0901080159181,1659.65658754974,27.933510314302
3,2020-11-13,233,15180,900608,25.8714113132462,1685.52799886299,27.7907496142289
3,2020-11-14,239,15419,900608,26.5376279135873,1712.06562677658,26.7914247137172
3,2020-11-15,260,15679,900608,28.8693860147811,1740.93501279136,26.2996934134654
3,2020-11-16,211,15890,900608,23.4286171119955,1764.36362990335,25.062434012832
3,2020-11-17,212,16102,900608,23.5396532120523,1787.90328311541,26.0934835133599
3,2020-11-18,223,16325,900608,24.7610503126777,1812.66433342808,26.1727950134005
3,2020-11-19,202,16527,900608,22.4292922114838,1835.09362563957,25.6652014131406
3,2020-11-20,298,16825,900608,33.0887578169414,1868.18238345651,25.6969260131568
3,2020-11-21,244,17069,900608,27.0928084138715,1895.27519187038,25.2686439129375
3,2020-11-22,228,17297,900608,25.3162308129619,1920.59142268334,26.632801713636
3,2020-11-23,213,17510,900608,23.6506893121092,1944.24211199545,28.2190317144481
3,2020-11-24,185,17695,900608,20.5416785105173,1964.78379050597,28.3935170145375
3,2020-11-25,309,18004,900608,34.3101549175668,1999.09394542354,29.5356026151222
3,2020-11-26,302,18306,900608,33.5329022171688,2032.62684764071,30.5825144156582
3,2020-11-27,309,18615,900608,34.3101549175668,2066.93700255827,31.1535572159506
3,2020-11-28,316,18931,900608,35.0874076179648,2102.02441017624,31.5342524161455
3,2020-11-29,294,19225,900608,32.644613416714,2134.66902359295,31.5342524161455
3,2020-11-30,249,19474,900608,27.6479889141558,2162.31701250711,31.3597671160562
3,2020-12-01,209,19683,900608,23.2065449118818,2185.52355741899,31.5342524161455
3,2020-12-02,309,19992,900608,34.3101549175668,2219.83371233655,31.2328687159912
3,2020-12-03,291,20283,900608,32.3115051165435,2252.1452174531,30.6142390156745
3,2020-12-04,320,20603,900608,35.5315520181922,2287.67676947129,31.1059703159263
3,2020-12-05,297,20900,900608,32.9777217168846,2320.65449118818,32.2321936165029
3,2020-12-06,255,21155,900608,28.3142055144969,2348.96869670267,31.2645933160075
3,2020-12-07,280,21435,900608,31.0901080159181,2380.05880471859,30.7887243157638
3,2020-12-08,280,21715,900608,31.0901080159181,2411.14891273451,29.630776415171
3,2020-12-09,248,21963,900608,27.5369528140989,2438.68586554861,29.9321601153253
3,2020-12-10,261,22224,900608,28.980422114838,2467.66628766345,31.2804556160156
3,2020-12-11,247,22471,900608,27.4259167140421,2495.09220437749,32.4542658166166
3,2020-12-12,316,22787,900608,35.0874076179648,2530.17961199545,32.5653019166734
3,2020-12-13,340,23127,900608,37.7522740193292,2567.93188601478,34.341879517583
3,2020-12-14,354,23481,900608,39.3067794201251,2607.23866543491,35.2301683180378
3,2020-12-15,287,23768,900608,31.8673607163161,2639.10602615122,36.4039785186388
3,2020-12-16,360,24128,900608,39.9729960204662,2679.07902217169,35.4998274181759
3,2020-12-17,317,24445,900608,35.1984437180216,2714.27746588971,35.8646603183627
3,2020-12-18,321,24766,900608,35.642588118249,2749.92005400796,35.1984437180216
3,2020-12-19,259,25025,900608,28.7583499147243,2778.67840392268,37.2922673190936
3,2020-12-20,363,25388,900608,40.3061043206367,2818.98450824332,35.8012111183302
3,2020-12-21,312,25700,900608,34.6432632177373,2853.62777146106,34.6115386177211
3,2020-12-22,419,26119,900608,46.5241259238203,2900.15189738488,34.0246335174206
3,2020-12-23,266,26385,900608,29.5356026151222,2929.6875,35.7536242183059
3,2020-12-24,242,26627,900608,26.8707362137578,2956.55823621376,34.2308434175262
3,2020-12-25,284,26911,900608,31.5342524161455,2988.0924886299,35.5315520181922
3,2020-12-26,368,27279,900608,40.861284820921,3028.95377345082,36.9274344189068
3,2020-12-27,267,27546,900608,29.6466387151791,3058.600412166,36.1501817185089
3,2020-12-28,394,27940,900608,43.7482234223991,3102.3486355884,38.1964184195566
3,2020-12-29,507,28447,900608,56.2953027288232,3158.64393831723,39.7191992203362
3,2020-12-30,217,28664,900608,24.0948337123366,3182.73877202956,40.9564586209697
3,2020-12-31,371,29035,900608,41.1943931210915,3223.93316515065,41.7654359213839
3,2021-01-01,380,29415,900608,42.1937180216032,3266.12688317226,40.6550749208154
3,2021-01-02,446,29861,900608,49.5221006253553,3315.64898379761,39.4495401201982
3,2021-01-03,318,30179,900608,35.3094798180785,3350.95846361569,43.208905222123
3,2021-01-04,324,30503,900608,35.9756964184196,3386.93416003411,48.9351955250548
3,2021-01-05,431,30934,900608,47.8565591245026,3434.79071915861,51.9966194266223
3,2021-01-06,454,31388,900608,50.4103894258101,3485.20110858442,52.4407638268497
3,2021-01-07,732,32120,900608,81.2784252416145,3566.47953382604,52.7104229269877
3,2021-01-08,573,32693,900608,63.6236853325753,3630.10321915861,53.9794069276375
3,2021-01-09,474,33167,900608,52.6311114269471,3682.73433058556,55.486325428409
3,2021-01-10,335,33502,900608,37.1970935190449,3719.9314241046,54.6773481279948
3,2021-01-11,404,33906,900608,44.8585844229676,3764.79000852757,50.1565926256802
3,2021-01-12,526,34432,900608,58.4049886299034,3823.19499715748,49.5855498253878
3,2021-01-13,403,34835,900608,44.7475483229107,3867.94254548039,48.9827824250792
3,2021-01-14,447,35282,900608,49.6331367254122,3917.5756822058,47.4124147242752
3,2021-01-15,537,35819,900608,59.6263857305287,3977.20206793633,48.2531166247056
3,2021-01-16,436,36255,900608,48.4117396247868,4025.61380756111,47.5869000243645
3,2021-01-17,236,36491,900608,26.2045196134167,4051.81832717453,47.4758639243076
3,2021-01-18,457,36948,900608,50.7434977259807,4102.56182490051,45.4137649232518
3,2021-01-19,484,37432,900608,53.7414724275156,4156.30329732803,43.5261512222854
3,2021-01-20,396,37828,900608,43.9702956225128,4200.27359295054,41.9240589214651
3,2021-01-21,317,38145,900608,35.1984437180216,4235.47203666856,43.2882167221636
3,2021-01-22,418,38563,900608,46.4130898237635,4281.88512649233,NA
3,2021-01-23,335,38898,900608,37.1970935190449,4319.08222001137,NA
3,2021-01-24,322,39220,900608,35.7536242183059,4354.83584422968,NA
